,Star Index,RA (degrees),Dec (degrees),Distance (AU)
0,0,00h 01m 35.29s,"-77deg 04' 01.0""",1.39651e+07 au
1,1,00h 01m 57.70s,"-06deg 00' 51.7""",2.62423e+07 au
2,2,00h 03m 44.44s,"-17deg 20' 09.7""",1.4414e+07 au
3,3,00h 04m 30.11s,"-10deg 30' 34.6""",1.01608e+08 au
4,4,00h 05m 20.13s,"-05deg 42' 25.2""",8.12706e+06 au
5,5,00h 08m 23.51s,"+29deg 05' 21.5""",6.13883e+06 au
6,6,00h 09m 12.37s,"+59deg 08' 54.7""",3.44406e+06 au
7,7,00h 09m 24.93s,"-45deg 44' 55.2""",8.86017e+06 au
8,8,00h 11m 15.71s,"-15deg 28' 11.4""",3.8962e+06 au
9,9,00h 13m 14.16s,"+15deg 11' 00.7""",2.10689e+07 au
10,10,00h 14m 36.32s,"+20deg 12' 24.2""",2.06059e+07 au
11,11,00h 14m 38.37s,"-18deg 56' 00.1""",3.11578e+07 au
12,12,00h 17m 05.39s,"+38deg 40' 53.4""",1.60143e+07 au
13,13,00h 18m 19.52s,"+36deg 47' 05.8""",8.92535e+06 au
14,14,00h 19m 25.65s,"-08deg 49' 27.1""",1.83184e+07 au
15,15,00h 20m 10.90s,"-64deg 52' 00.4""",1.77234e+06 au
16,16,00h 26m 01.68s,"-77deg 15' 07.2""",1.54182e+06 au
17,17,00h 26m 12.44s,"-43deg 40' 46.6""",4.85215e+06 au
18,18,00h 26m 17.57s,"-42deg 18' 30.3""",4.89475e+06 au
19,19,00h 27m 55.66s,"-33deg 00' 27.0""",3.46664e+07 au
20,20,00h 31m 25.33s,"-48deg 48' 12.2""",1.08732e+07 au
21,21,00h 31m 32.97s,"-62deg 57' 30.9""",8.83361e+06 au
22,22,00h 31m 33.79s,"-62deg 57' 57.2""",1.08847e+07 au
23,23,00h 31m 46.47s,"+54deg 31' 19.9""",2.24201e+07 au
24,24,00h 33m 00.01s,"+62deg 55' 54.4""",2.61095e+08 au
25,25,00h 36m 52.88s,"+33deg 43' 09.5""",4.1502e+07 au
26,26,00h 36m 58.33s,"+53deg 53' 48.6""",3.77774e+07 au
27,27,00h 38m 32.91s,"+29deg 18' 36.0""",1.06652e+07 au
28,28,00h 39m 19.90s,"+30deg 51' 37.6""",6.40773e+06 au
29,29,00h 40m 30.59s,"+56deg 32' 13.6""",1.44544e+07 au
30,30,00h 41m 19.48s,"-46deg 05' 06.0""",1.5638e+07 au
31,31,00h 42m 03.93s,"+50deg 30' 44.9""",7.01581e+07 au
32,32,00h 43m 21.22s,"-57deg 27' 46.6""",1.52001e+07 au
33,33,00h 43m 28.01s,"+47deg 01' 27.4""",1.10243e+07 au
34,34,00h 43m 35.78s,"-17deg 59' 11.0""",6.05948e+06 au
35,35,00h 44m 11.39s,"-10deg 36' 37.2""",1.32732e+07 au
36,36,00h 44m 43.56s,"+48deg 17' 03.5""",5.72958e+07 au
37,37,00h 47m 20.14s,"+24deg 15' 59.8""",1.14719e+07 au
38,38,00h 48m 41.08s,"+07deg 35' 05.0""",1.92951e+07 au
39,39,00h 48m 50.10s,"+50deg 58' 05.2""",2.46433e+07 au
40,40,00h 49m 09.66s,"+57deg 48' 40.8""",1.22784e+06 au
41,41,00h 49m 48.90s,"+41deg 04' 43.6""",4.29718e+07 au
42,42,00h 53m 00.51s,"-01deg 08' 39.7""",3.28447e+07 au
43,43,00h 53m 03.96s,"+61deg 07' 30.5""",3.83036e+06 au
44,44,00h 55m 00.05s,"+58deg 58' 20.7""",2.57188e+07 au
45,45,00h 56m 39.61s,"+59deg 10' 50.7""",1.30218e+07 au
46,46,00h 56m 42.62s,"+60deg 43' 00.2""",3.87716e+07 au
47,47,00h 56m 45.53s,"+38deg 29' 58.6""",8.61951e+06 au
48,48,00h 57m 12.32s,"+23deg 25' 02.4""",1.53471e+07 au
49,49,00h 58m 36.40s,"-29deg 21' 26.7""",4.25288e+07 au
50,50,01h 02m 56.47s,"+07deg 53' 25.1""",1.20341e+07 au
51,51,01h 06m 04.88s,"-46deg 43' 05.5""",1.25313e+07 au
52,52,01h 08m 23.14s,"-55deg 14' 44.0""",1.76899e+07 au
53,53,01h 08m 35.75s,"-10deg 10' 59.6""",7.43833e+06 au
54,54,01h 08m 46.91s,"+86deg 15' 25.2""",1.97761e+07 au
55,55,01h 09m 30.13s,"+47deg 14' 30.1""",4.65609e+07 au
56,56,01h 09m 44.28s,"+35deg 37' 11.2""",1.26079e+07 au
57,57,01h 11m 06.82s,"+55deg 08' 59.2""",8.69215e+06 au
58,58,01h 11m 27.29s,"+21deg 02' 04.5""",2.77985e+07 au
59,59,01h 11m 39.78s,"+30deg 05' 21.8""",1.02568e+07 au
60,60,01h 13m 44.98s,"+24deg 35' 00.8""",2.38732e+07 au
61,61,01h 15m 12.69s,"-45deg 31' 49.6""",3.10499e+06 au
62,62,01h 15m 48.04s,"-68deg 52' 30.2""",4.21465e+06 au
63,63,01h 19m 28.04s,"+27deg 15' 50.3""",1.9663e+07 au
64,64,01h 20m 04.91s,"+58deg 13' 53.7""",1.47332e+08 au
65,65,01h 22m 20.50s,"+45deg 31' 43.8""",1.2366e+07 au
66,66,01h 24m 01.27s,"-08deg 11' 04.8""",7.24244e+06 au
67,67,01h 25m 37.31s,"-14deg 35' 56.1""",1.82374e+07 au
68,68,01h 25m 49.94s,"+60deg 14' 05.8""",6.28664e+06 au
69,69,01h 25m 56.35s,"+68deg 07' 48.7""",1.22122e+07 au
70,70,01h 27m 40.22s,"+45deg 24' 21.4""",5.83823e+06 au
71,71,01h 28m 21.89s,"-43deg 19' 10.8""",1.47966e+07 au
72,72,01h 30m 11.60s,"+06deg 08' 36.6""",2.27917e+07 au
73,73,01h 31m 15.45s,"-49deg 04' 17.9""",9.31218e+06 au
74,74,01h 31m 29.05s,"+15deg 20' 44.9""",1.85992e+07 au
75,75,01h 33m 55.74s,"+59deg 13' 54.8""",1.29239e+07 au
76,76,01h 36m 47.46s,"+41deg 24' 10.2""",2.77798e+06 au
77,77,01h 37m 43.12s,"-57deg 14' 13.3""",9.09457e+06 au
78,78,01h 37m 59.71s,"+48deg 37' 38.8""",1.09949e+07 au
79,79,01h 40m 34.85s,"+40deg 34' 36.8""",4.30615e+07 au
80,80,01h 41m 25.86s,"+05deg 29' 15.5""",2.32805e+07 au
81,81,01h 41m 48.92s,"+42deg 36' 43.7""",2.60798e+06 au
82,82,01h 42m 43.49s,"-03deg 41' 25.6""",7.61125e+07 au
83,83,01h 43m 39.70s,"+50deg 41' 19.1""",4.53329e+07 au
84,84,01h 44m 01.13s,"-15deg 55' 53.8""",7.52325e+05 au
85,85,01h 45m 23.75s,"+09deg 09' 28.8""",1.63313e+07 au
86,86,01h 49m 34.85s,"-10deg 41' 13.4""",4.87048e+06 au
87,87,01h 51m 27.70s,"-10deg 20' 07.1""",1.63832e+07 au
88,88,01h 53m 04.93s,"+29deg 34' 38.0""",4.05474e+06 au
89,89,01h 53m 31.95s,"+19deg 17' 35.4""",1.29239e+07 au
90,90,01h 53m 33.39s,"+03deg 11' 15.7""",1.20552e+07 au
91,91,01h 53m 38.52s,"-46deg 18' 11.9""",2.03217e+07 au
92,92,01h 54m 23.84s,"+63deg 40' 11.9""",2.79492e+07 au
93,93,01h 54m 38.58s,"+20deg 48' 26.2""",3.76808e+06 au
94,94,01h 54m 56.46s,"-67deg 38' 48.5""",1.37144e+07 au
95,95,01h 55m 59.28s,"-51deg 36' 25.0""",3.60666e+06 au
96,96,01h 56m 00.09s,"+68deg 41' 06.6""",4.4358e+07 au
97,97,01h 56m 40.31s,"-22deg 31' 37.2""",2.52157e+07 au
98,98,01h 57m 10.33s,"-47deg 23' 06.8""",1.68793e+07 au
99,99,01h 57m 55.55s,"+23deg 35' 45.5""",8.42241e+06 au
100,100,01h 58m 47.10s,"-61deg 34' 10.8""",4.50951e+06 au
101,101,02h 00m 00.54s,"-21deg 04' 40.8""",1.90281e+07 au
102,102,02h 01m 57.18s,"+70deg 54' 25.0""",7.39035e+06 au
103,103,02h 02m 02.88s,"+02deg 45' 49.5""",8.79594e+06 au
104,104,02h 02m 18.20s,"+54deg 29' 15.1""",4.67721e+07 au
105,105,02h 03m 25.86s,"+72deg 25' 17.2""",1.02517e+07 au
106,106,02h 03m 54.05s,"+42deg 19' 45.7""",2.24445e+07 au
107,107,02h 04m 29.46s,"-29deg 17' 48.3""",2.28422e+07 au
108,108,02h 07m 10.75s,"+23deg 27' 41.1""",4.16865e+06 au
109,109,02h 08m 29.58s,"+37deg 51' 31.6""",1.25161e+07 au
110,110,02h 09m 25.48s,"+25deg 56' 22.8""",2.02419e+07 au
111,111,02h 09m 32.93s,"+34deg 59' 13.3""",7.8607e+06 au
112,112,02h 12m 22.16s,"+30deg 18' 09.5""",1.93132e+07 au
113,113,02h 12m 59.95s,"+08deg 50' 47.8""",2.28929e+07 au
114,114,02h 13m 13.28s,"+44deg 13' 53.6""",3.51988e+07 au
115,115,02h 16m 30.83s,"-51deg 30' 44.3""",9.79415e+06 au
116,116,02h 17m 05.53s,"+34deg 13' 21.1""",2.23715e+06 au
117,117,02h 17m 18.96s,"+33deg 50' 48.6""",7.43833e+06 au
118,118,02h 21m 44.72s,"-68deg 39' 33.8""",8.55871e+06 au
119,119,02h 25m 37.48s,"+50deg 16' 42.7""",2.18039e+07 au
120,120,02h 25m 56.99s,"-12deg 17' 26.0""",3.34303e+07 au
121,121,02h 26m 59.17s,"-47deg 42' 14.0""",3.34303e+07 au
122,122,02h 28m 09.61s,"+08deg 27' 35.8""",1.11314e+07 au
123,123,02h 29m 03.83s,"+67deg 24' 09.8""",8.95247e+06 au
124,124,02h 31m 54.77s,"+89deg 15' 50.5""",2.72837e+07 au
125,125,02h 32m 05.09s,"-15deg 14' 44.5""",5.32571e+06 au
126,126,02h 33m 50.68s,"-28deg 13' 56.5""",2.86877e+07 au
127,127,02h 35m 52.42s,"+05deg 35' 35.1""",2.35194e+07 au
128,128,02h 39m 28.98s,"+00deg 19' 42.6""",4.09256e+07 au
129,129,02h 39m 34.12s,"-11deg 52' 25.6""",5.57623e+06 au
130,130,02h 39m 35.75s,"-68deg 16' 01.0""",9.69745e+06 au
131,131,02h 39m 48.20s,"-42deg 53' 30.4""",8.20138e+06 au
132,132,02h 40m 40.33s,"-39deg 51' 20.0""",9.20004e+06 au
133,133,02h 42m 14.88s,"+40deg 11' 33.7""",5.09044e+06 au
134,134,02h 43m 17.80s,"+03deg 14' 05.3""",5.18514e+06 au
135,135,02h 43m 27.12s,"+27deg 42' 25.5""",2.3386e+07 au
136,136,02h 44m 07.34s,"-13deg 51' 31.5""",2.78736e+07 au
137,137,02h 44m 12.83s,"+49deg 13' 40.2""",2.3168e+06 au
138,138,02h 44m 57.02s,"+10deg 06' 50.2""",5.32846e+06 au
139,139,02h 45m 06.76s,"-18deg 34' 20.3""",2.8824e+06 au
140,140,02h 45m 32.92s,"-67deg 36' 58.7""",1.86496e+07 au
141,141,02h 47m 54.82s,"+29deg 14' 46.5""",1.14211e+07 au
142,142,02h 49m 05.59s,"-32deg 24' 17.3""",1.06818e+07 au
143,143,02h 49m 59.15s,"+27deg 15' 34.9""",1.00863e+07 au
144,144,02h 50m 28.24s,"-75deg 04' 01.7""",2.07928e+07 au
145,145,02h 50m 35.47s,"+38deg 19' 04.4""",8.07615e+06 au
146,146,02h 50m 41.86s,"+55deg 53' 43.4""",8.41897e+07 au
147,147,02h 51m 02.25s,"-21deg 00' 14.9""",1.15555e+07 au
148,148,02h 51m 30.86s,"+35deg 03' 33.5""",2.58802e+07 au
149,149,02h 54m 15.46s,"+52deg 45' 44.8""",1.56855e+07 au
150,150,02h 56m 25.78s,"-08deg 53' 58.8""",8.42241e+06 au
151,151,02h 58m 15.56s,"-40deg 18' 16.2""",1.0201e+07 au
152,152,02h 58m 45.73s,"+39deg 39' 44.8""",2.05853e+07 au
153,153,02h 58m 47.88s,"-64deg 04' 16.5""",1.98332e+07 au
154,154,02h 59m 03.58s,"+35deg 10' 59.4""",2.21552e+07 au
155,155,02h 59m 12.70s,"+21deg 20' 25.4""",1.84991e+07 au
156,156,02h 59m 42.92s,"+08deg 54' 26.1""",2.68225e+07 au
157,157,03h 02m 16.75s,"+04deg 05' 21.1""",1.3918e+07 au
158,158,03h 02m 23.24s,"-23deg 37' 29.5""",5.44953e+06 au
159,159,03h 04m 47.79s,"+53deg 30' 23.1""",1.62158e+07 au
160,160,03h 05m 10.87s,"+38deg 50' 22.3""",2.05648e+07 au
161,161,03h 05m 32.37s,"+56deg 42' 22.3""",1.2932e+07 au
162,162,03h 08m 10.14s,"+40deg 57' 20.3""",5.8698e+06 au
163,163,03h 09m 07.24s,"+49deg 36' 45.5""",2.17281e+06 au
164,164,03h 09m 30.17s,"+44deg 51' 23.6""",7.10034e+06 au
165,165,03h 11m 17.33s,"+39deg 36' 41.8""",1.92951e+07 au
166,166,03h 11m 38.04s,"+19deg 43' 35.8""",1.06103e+07 au
167,167,03h 11m 56.36s,"+74deg 23' 35.0""",1.02365e+07 au
168,168,03h 12m 05.23s,"-28deg 59' 00.3""",2.91088e+06 au
169,169,03h 14m 54.04s,"+21deg 02' 38.1""",2.15083e+07 au
170,170,03h 15m 50.02s,"-08deg 49' 09.9""",7.58884e+06 au
171,171,03h 18m 22.13s,"-22deg 30' 39.7""",1.6127e+07 au
172,172,03h 18m 43.83s,"+34deg 13' 21.3""",9.33325e+07 au
173,173,03h 19m 22.14s,"+03deg 22' 15.0""",1.88922e+06 au
174,174,03h 19m 31.09s,"-21deg 45' 27.5""",1.63313e+07 au
175,175,03h 20m 02.52s,"-43deg 03' 53.2""",1.24994e+06 au
176,176,03h 19m 59.32s,"+65deg 39' 07.9""",5.06793e+07 au
177,177,03h 20m 20.35s,"+29deg 02' 54.0""",4.05235e+07 au
178,178,03h 21m 26.42s,"+43deg 19' 46.7""",9.82213e+06 au
179,179,03h 24m 19.43s,"+49deg 51' 39.6""",3.74346e+07 au
180,180,03h 24m 48.67s,"+09deg 01' 41.9""",1.33764e+07 au
181,181,03h 27m 10.24s,"+09deg 43' 56.7""",1.40507e+07 au
182,182,03h 28m 03.12s,"+49deg 03' 45.7""",3.60603e+07 au
183,183,03h 29m 04.13s,"+59deg 56' 25.1""",2.71401e+08 au
184,184,03h 29m 22.11s,"+49deg 30' 31.5""",3.53193e+07 au
185,185,03h 29m 24.07s,"-62deg 56' 05.9""",4.42154e+06 au
186,186,03h 29m 54.74s,"+58deg 52' 43.5""",1.56261e+08 au
187,187,03h 30m 34.49s,"+47deg 59' 43.2""",2.23472e+07 au
188,188,03h 30m 37.08s,"-05deg 04' 30.3""",2.40682e+07 au
189,189,03h 30m 52.41s,"+12deg 56' 12.0""",2.27917e+07 au
190,190,03h 32m 54.21s,"-09deg 27' 29.3""",6.63764e+05 au
191,191,03h 33m 47.36s,"-21deg 37' 59.1""",1.87173e+07 au
192,192,03h 36m 29.43s,"+48deg 11' 32.8""",4.42628e+07 au
193,193,03h 36m 52.00s,"+00deg 23' 54.0""",2.82981e+06 au
194,194,03h 37m 05.69s,"-40deg 16' 28.7""",1.38619e+07 au
195,195,03h 42m 14.91s,"-31deg 56' 17.7""",4.63516e+07 au
196,196,03h 42m 22.66s,"+33deg 57' 54.0""",5.8432e+07 au
197,197,03h 42m 49.87s,"-37deg 18' 50.4""",1.12467e+07 au
198,198,03h 42m 55.56s,"+47deg 47' 14.1""",3.33762e+07 au
199,199,03h 43m 14.75s,"-09deg 45' 29.8""",1.8653e+06 au
200,200,03h 44m 13.17s,"-64deg 48' 22.9""",6.30586e+06 au
201,201,03h 44m 19.15s,"+32deg 17' 17.4""",9.33325e+07 au
202,202,03h 44m 52.58s,"+24deg 06' 46.9""",2.34392e+07 au
203,203,03h 45m 11.60s,"+42deg 34' 42.8""",3.51988e+07 au
204,204,03h 45m 12.53s,"+24deg 28' 01.2""",2.35731e+07 au
205,205,03h 45m 49.64s,"+24deg 22' 02.8""",2.27665e+07 au
206,206,03h 46m 02.33s,"+63deg 20' 42.0""",5.05551e+07 au
207,207,03h 46m 08.63s,"-12deg 06' 04.2""",3.14428e+07 au
208,208,03h 46m 19.61s,"+23deg 56' 53.0""",2.27164e+07 au
209,209,03h 46m 50.60s,"-23deg 15' 12.1""",3.69716e+06 au
210,210,03h 47m 14.65s,"-74deg 14' 17.4""",1.35433e+07 au
211,211,03h 47m 29.11s,"+24deg 06' 17.4""",2.32542e+07 au
212,212,03h 48m 36.04s,"-37deg 37' 12.8""",1.0196e+07 au
213,213,03h 49m 09.77s,"+24deg 03' 11.2""",2.40682e+07 au
214,214,03h 49m 27.14s,"-36deg 12' 02.3""",1.32732e+07 au
215,215,03h 49m 31.27s,"+65deg 31' 33.2""",6.10251e+07 au
216,216,03h 50m 21.60s,"+71deg 19' 55.1""",2.11988e+07 au
217,217,03h 53m 42.76s,"-24deg 36' 44.2""",2.43812e+07 au
218,218,03h 54m 07.93s,"+31deg 53' 00.9""",6.2128e+07 au
219,219,03h 54m 17.55s,"-02deg 57' 17.0""",2.18039e+07 au
220,220,03h 57m 08.28s,"+61deg 06' 31.6""",1.17196e+08 au
221,221,03h 57m 25.47s,"+63deg 04' 20.3""",2.13746e+07 au
222,222,03h 57m 51.26s,"+40deg 00' 36.2""",3.40371e+07 au
223,223,03h 58m 01.87s,"-13deg 30' 33.4""",1.39841e+07 au
224,224,03h 58m 44.78s,"-61deg 24' 01.0""",3.3539e+07 au
225,225,03h 58m 57.91s,"+35deg 47' 27.8""",1.121e+08 au
226,226,03h 59m 55.50s,"-24deg 00' 58.0""",2.09406e+07 au
227,227,04h 00m 40.80s,"+12deg 29' 25.0""",2.34126e+07 au
228,228,04h 00m 53.81s,"-62deg 09' 32.6""",3.10173e+07 au
229,229,04h 01m 18.38s,"-61deg 04' 41.4""",2.09406e+07 au
230,230,04h 03m 09.39s,"+05deg 59' 21.5""",8.17214e+06 au
231,231,04h 04m 27.16s,"+59deg 09' 19.8""",1.09715e+08 au
232,232,04h 04m 41.88s,"+22deg 04' 53.5""",1.14337e+07 au
233,233,04h 06m 35.01s,"+50deg 21' 03.6""",2.19197e+07 au
234,234,04h 08m 39.74s,"+47deg 42' 44.2""",3.50195e+07 au
235,235,04h 10m 51.03s,"-41deg 59' 35.2""",1.10835e+07 au
236,236,04h 11m 51.96s,"-06deg 50' 13.3""",7.93937e+06 au
237,237,04h 13m 56.37s,"+09deg 15' 49.0""",2.34926e+07 au
238,238,04h 14m 00.21s,"-42deg 17' 44.8""",7.40628e+06 au
239,239,04h 14m 23.68s,"-10deg 15' 26.6""",1.30547e+07 au
240,240,04h 14m 25.63s,"-62deg 28' 24.7""",1.03236e+07 au
241,241,04h 14m 53.34s,"+40deg 29' 00.7""",3.96663e+07 au
242,242,04h 14m 53.87s,"+48deg 24' 33.2""",4.5735e+07 au
243,243,04h 15m 12.59s,"-07deg 40' 35.0""",1.04048e+06 au
244,244,04h 15m 32.09s,"+08deg 53' 31.9""",2.7502e+07 au
245,245,04h 16m 01.85s,"-51deg 29' 07.4""",4.18727e+06 au
246,246,04h 16m 28.87s,"-59deg 18' 11.9""",3.76121e+06 au
247,247,04h 17m 15.59s,"+20deg 34' 41.4""",5.91525e+06 au
248,248,04h 17m 53.79s,"-33deg 47' 54.2""",1.12898e+07 au
249,249,04h 18m 14.74s,"+50deg 17' 42.4""",2.01234e+07 au
250,250,04h 19m 47.80s,"+15deg 37' 38.9""",9.74326e+06 au
251,251,04h 20m 21.16s,"+27deg 21' 00.8""",2.16437e+07 au
252,252,04h 20m 24.59s,"+34deg 34' 00.0""",1.43041e+07 au
253,253,04h 21m 33.22s,"+46deg 29' 55.1""",2.93407e+07 au
254,254,04h 22m 56.28s,"+17deg 32' 32.3""",9.68834e+06 au
255,255,04h 24m 02.36s,"-34deg 00' 59.2""",1.72607e+07 au
256,256,04h 24m 05.95s,"+17deg 26' 38.0""",9.22472e+06 au
257,257,04h 25m 22.35s,"+22deg 17' 36.9""",9.69745e+06 au
258,258,04h 25m 29.57s,"+17deg 55' 39.7""",9.35441e+06 au
259,259,04h 26m 18.66s,"+22deg 48' 47.8""",9.7895e+06 au
260,260,04h 26m 20.94s,"+15deg 37' 04.9""",9.88805e+06 au
261,261,04h 26m 36.36s,"+14deg 42' 48.8""",2.87678e+07 au
262,262,04h 28m 26.38s,"+16deg 21' 35.3""",1.22923e+07 au
263,263,04h 28m 34.68s,"+15deg 57' 43.5""",9.98378e+06 au
264,264,04h 28m 37.19s,"+19deg 10' 48.6""",9.80346e+06 au
265,265,04h 28m 39.93s,"+15deg 52' 14.5""",9.42279e+06 au
266,266,04h 30m 33.81s,"+16deg 11' 37.8""",9.15106e+06 au
267,267,04h 31m 52.66s,"-00deg 02' 38.6""",5.24847e+07 au
268,268,04h 33m 30.34s,"-29deg 46' 06.1""",7.8667e+06 au
269,269,04h 33m 51.09s,"+14deg 50' 39.3""",9.64305e+06 au
270,270,04h 33m 59.94s,"-55deg 02' 41.6""",1.11134e+07 au
271,271,04h 35m 32.94s,"-30deg 33' 44.7""",1.32052e+07 au
272,272,04h 35m 39.34s,"+10deg 09' 37.5""",9.51406e+06 au
273,273,04h 35m 55.35s,"+16deg 30' 28.8""",4.11788e+06 au
274,274,04h 36m 19.14s,"-03deg 21' 09.0""",3.7098e+07 au
275,275,04h 36m 41.42s,"+41deg 15' 52.8""",4.06033e+07 au
276,276,04h 38m 09.63s,"+12deg 30' 38.6""",9.46603e+06 au
277,277,04h 38m 10.69s,"-14deg 18' 18.9""",6.91236e+06 au
278,278,04h 38m 53.44s,"-12deg 07' 23.7""",1.43839e+07 au
279,279,04h 39m 16.64s,"+15deg 55' 04.2""",1.00568e+07 au
280,280,04h 40m 26.56s,"-19deg 40' 19.8""",2.28422e+07 au
281,281,04h 40m 33.40s,"-41deg 51' 51.4""",4.1527e+06 au
282,282,04h 42m 14.70s,"+22deg 57' 24.4""",2.53397e+07 au
283,283,04h 45m 30.18s,"-03deg 15' 17.1""",3.36484e+07 au
284,284,04h 49m 51.18s,"+06deg 57' 40.9""",1.65542e+06 au
285,285,04h 49m 54.56s,"+37deg 29' 18.7""",3.33762e+07 au
286,286,04h 50m 36.72s,"+08deg 53' 59.9""",1.22485e+07 au
287,287,04h 51m 12.36s,"+05deg 36' 18.4""",7.96389e+07 au
288,288,04h 52m 31.96s,"+14deg 15' 00.9""",3.42633e+07 au
289,289,04h 52m 37.93s,"+36deg 42' 11.4""",3.55017e+07 au
290,290,04h 52m 53.64s,"-05deg 27' 09.1""",1.43339e+07 au
291,291,04h 54m 03.01s,"+66deg 20' 33.8""",4.38861e+08 au
292,292,04h 54m 15.10s,"+02deg 26' 26.4""",8.48826e+07 au
293,293,04h 54m 53.80s,"+10deg 08' 59.8""",7.62814e+06 au
294,294,04h 56m 22.14s,"+13deg 30' 50.9""",1.07095e+07 au
295,295,04h 56m 59.63s,"+33deg 09' 57.5""",3.23807e+07 au
296,296,04h 57m 17.13s,"+53deg 45' 07.8""",2.37632e+07 au
297,297,04h 58m 32.90s,"+01deg 42' 50.3""",6.03113e+07 au
298,298,04h 59m 15.51s,"+37deg 53' 22.5""",1.00617e+07 au
299,299,04h 59m 55.81s,"-12deg 32' 16.8""",1.84001e+07 au
300,300,05h 01m 25.65s,"-20deg 03' 07.3""",1.32221e+07 au
301,301,05h 01m 26.34s,"-07deg 10' 26.1""",6.04882e+07 au
302,302,05h 01m 58.13s,"+43deg 49' 23.9""",1.28916e+08 au
303,303,05h 02m 28.71s,"+41deg 04' 32.5""",4.98224e+07 au
304,304,05h 03m 05.87s,"+21deg 35' 22.9""",1.03081e+07 au
305,305,05h 03m 25.07s,"+60deg 26' 31.7""",6.30779e+07 au
306,306,05h 04m 24.66s,"-35deg 28' 59.8""",1.16996e+07 au
307,307,05h 04m 34.18s,"+15deg 24' 14.0""",2.53086e+07 au
308,308,05h 05m 27.70s,"-22deg 22' 17.5""",1.43339e+07 au
309,309,05h 05m 30.56s,"-57deg 28' 18.8""",2.40318e+06 au
310,310,05h 06m 30.96s,"+41deg 14' 02.4""",1.38712e+07 au
311,311,05h 06m 40.55s,"+51deg 35' 47.5""",5.4081e+06 au
312,312,05h 07m 27.94s,"+18deg 38' 42.6""",3.27301e+06 au
313,313,05h 07m 50.85s,"-05deg 05' 13.1""",5.61876e+06 au
314,314,05h 09m 08.78s,"-08deg 45' 14.7""",1.10895e+08 au
315,315,05h 09m 41.94s,"+15deg 35' 49.6""",2.0143e+07 au
316,316,05h 12m 17.94s,"-11deg 52' 10.0""",1.5245e+07 au
317,317,05h 12m 55.98s,"-16deg 12' 20.1""",1.166e+07 au
318,318,05h 13m 13.86s,"-12deg 56' 28.7""",3.53799e+07 au
319,319,05h 13m 17.49s,"+02deg 51' 40.7""",2.1735e+07 au
320,320,05h 13m 25.68s,"+38deg 29' 02.4""",1.02722e+07 au
321,321,05h 13m 45.53s,"-67deg 11' 06.0""",3.45502e+07 au
322,322,05h 14m 32.28s,"-08deg 12' 05.9""",4.88779e+07 au
323,323,05h 16m 41.54s,"+45deg 59' 42.2""",2.66871e+06 au
324,324,05h 17m 29.28s,"-34deg 53' 51.1""",6.96135e+06 au
325,325,05h 17m 36.36s,"-06deg 50' 40.1""",3.5079e+07 au
326,326,05h 18m 10.63s,"+33deg 22' 13.8""",1.48179e+07 au
327,327,05h 19m 09.60s,"+40deg 05' 40.1""",2.60831e+06 au
328,328,05h 19m 16.64s,"+22deg 05' 45.4""",1.303e+07 au
329,329,05h 19m 34.52s,"-13deg 10' 36.6""",6.80742e+07 au
330,330,05h 20m 26.94s,"-21deg 14' 23.4""",2.90105e+07 au
331,331,05h 21m 45.75s,"-00deg 22' 56.8""",8.15276e+07 au
332,332,05h 22m 50.00s,"+03deg 32' 40.1""",6.08451e+07 au
333,333,05h 23m 56.81s,"-07deg 48' 30.1""",1.10243e+07 au
334,334,05h 24m 25.90s,"+17deg 23' 00.5""",3.02485e+06 au
335,335,05h 24m 28.62s,"-02deg 23' 49.8""",5.69792e+07 au
336,336,05h 24m 44.83s,"+01deg 50' 47.2""",7.01581e+07 au
337,337,05h 25m 07.85s,"+06deg 20' 58.6""",1.537e+07 au
338,338,05h 26m 17.56s,"+28deg 36' 22.5""",8.28706e+06 au
339,339,05h 26m 50.23s,"+03deg 05' 44.4""",8.96804e+07 au
340,340,05h 27m 38.09s,"+21deg 56' 12.9""",4.39797e+07 au
341,341,05h 28m 14.71s,"-20deg 45' 36.1""",1.00666e+07 au
342,342,05h 29m 43.98s,"-01deg 05' 32.7""",2.88482e+07 au
343,343,05h 30m 47.06s,"+05deg 56' 52.5""",1.82535e+07 au
344,344,05h 31m 12.81s,"-35deg 28' 14.7""",1.75246e+07 au
345,345,05h 31m 55.86s,"-07deg 18' 05.6""",9.77558e+07 au
346,346,05h 32m 00.40s,"-00deg 17' 56.7""",5.79396e+07 au
347,347,05h 32m 12.75s,"+18deg 35' 39.1""",1.21332e+08 au
348,348,05h 32m 43.67s,"+32deg 11' 31.2""",2.57831e+08 au
349,349,05h 32m 43.82s,"-17deg 49' 20.2""",8.12066e+07 au
350,350,05h 33m 37.52s,"-62deg 29' 23.1""",6.56894e+07 au
351,351,05h 34m 49.24s,"+09deg 29' 22.4""",6.23157e+07 au
352,352,05h 35m 02.68s,"-06deg 00' 07.3""",1.17866e+08 au
353,353,05h 35m 08.28s,"+09deg 56' 02.9""",6.67524e+07 au
354,354,05h 35m 15.82s,"-05deg 23' 14.3""",2.06265e+14 au
355,355,05h 35m 22.90s,"-05deg 24' 57.8""",1.19921e+08 au
356,356,05h 35m 23.17s,"-04deg 50' 18.3""",4.97024e+07 au
357,357,05h 35m 25.99s,"-05deg 54' 35.7""",8.38475e+07 au
358,358,05h 36m 12.82s,"-01deg 12' 06.9""",8.48826e+07 au
359,359,05h 36m 54.55s,"+09deg 17' 18.9""",7.34038e+06 au
360,360,05h 37m 38.69s,"+21deg 08' 32.7""",2.63766e+07 au
361,361,05h 38m 44.78s,"-02deg 36' 00.3""",7.26285e+07 au
362,362,05h 38m 53.06s,"-07deg 12' 47.4""",9.71115e+06 au
363,363,05h 39m 11.15s,"+04deg 07' 17.3""",1.02619e+08 au
364,364,05h 39m 38.94s,"-34deg 04' 27.4""",1.69626e+07 au
365,365,05h 40m 45.53s,"-01deg 56' 33.2""",5.16954e+07 au
366,366,05h 40m 50.71s,"-01deg 07' 43.7""",1.32221e+08 au
367,367,05h 41m 17.73s,"+16deg 32' 02.6""",4.73084e+07 au
368,368,05h 42m 28.54s,"+01deg 28' 28.3""",1.90986e+07 au
369,369,05h 44m 27.27s,"-22deg 27' 03.3""",1.85007e+06 au
370,370,05h 44m 46.26s,"-65deg 44' 07.7""",9.17548e+06 au
371,371,05h 46m 57.32s,"-14deg 49' 19.0""",4.43867e+06 au
372,372,05h 47m 17.10s,"-51deg 03' 57.4""",3.97657e+06 au
373,373,05h 47m 45.39s,"-09deg 40' 10.6""",4.56338e+07 au
374,374,05h 49m 00.99s,"+24deg 34' 02.9""",3.30024e+07 au
375,375,05h 49m 10.38s,"+39deg 10' 51.2""",1.34462e+07 au
376,376,05h 49m 32.89s,"+12deg 39' 04.3""",1.71887e+07 au
377,377,05h 49m 49.90s,"-56deg 10' 01.8""",1.09832e+07 au
378,378,05h 50m 57.71s,"-35deg 45' 55.9""",5.43661e+06 au
379,379,05h 51m 02.51s,"+37deg 18' 19.0""",3.00678e+07 au
380,380,05h 51m 19.70s,"-20deg 53' 00.8""",7.10034e+06 au
381,381,05h 51m 29.42s,"+39deg 08' 54.5""",1.35969e+07 au
382,382,05h 52m 26.43s,"+01deg 51' 18.2""",7.03975e+07 au
383,383,05h 53m 06.87s,"-33deg 48' 04.1""",2.15984e+07 au
384,384,05h 53m 19.65s,"+27deg 36' 43.9""",2.76866e+07 au
385,385,05h 54m 06.49s,"-63deg 05' 08.5""",5.62489e+06 au
386,386,05h 54m 22.70s,"+20deg 16' 31.8""",1.78693e+06 au
387,387,05h 54m 50.77s,"+55deg 42' 25.4""",1.52337e+07 au
388,388,05h 55m 10.35s,"+07deg 24' 25.7""",2.70334e+07 au
389,389,05h 55m 29.99s,"-37deg 07' 15.0""",2.07719e+07 au
390,390,05h 56m 24.22s,"-14deg 10' 00.3""",3.10313e+06 au
391,391,05h 57m 32.20s,"-35deg 16' 59.5""",5.3996e+07 au
392,392,05h 57m 59.65s,"+25deg 57' 14.0""",1.33074e+08 au
393,393,05h 59m 08.85s,"-42deg 48' 54.8""",3.35936e+07 au
394,394,05h 59m 31.88s,"+54deg 17' 01.4""",8.88307e+06 au
395,395,05h 59m 31.59s,"+44deg 56' 50.7""",5.19297e+06 au
396,396,05h 59m 43.36s,"+37deg 12' 43.5""",1.09541e+07 au
397,397,05h 59m 56.09s,"+45deg 56' 12.1""",5.3161e+07 au
398,398,06h 00m 03.36s,"-03deg 04' 29.1""",2.65463e+07 au
399,399,06h 01m 50.41s,"-10deg 35' 52.5""",6.19414e+07 au
400,400,06h 02m 23.02s,"+09deg 38' 49.3""",9.59818e+06 au
401,401,06h 03m 55.19s,"+20deg 08' 18.4""",2.06265e+09 au
402,402,06h 04m 07.21s,"+23deg 15' 45.1""",9.53165e+06 au
403,403,06h 04m 59.12s,"-16deg 29' 04.0""",6.76278e+07 au
404,404,06h 06m 09.29s,"-14deg 56' 06.6""",1.07766e+07 au
405,405,06h 07m 31.63s,"-37deg 15' 10.5""",4.81927e+07 au
406,406,06h 07m 34.33s,"+14deg 46' 06.0""",3.38139e+07 au
407,407,06h 10m 17.90s,"-54deg 58' 07.0""",1.04703e+08 au
408,408,06h 11m 56.39s,"+14deg 12' 31.1""",4.01293e+07 au
409,409,06h 12m 03.29s,"+16deg 07' 49.0""",4.8994e+07 au
410,410,06h 14m 51.32s,"-06deg 16' 29.7""",4.07638e+07 au
411,411,06h 14m 52.55s,"+22deg 30' 24.2""",2.2084e+07 au
412,412,06h 15m 22.55s,"+29deg 29' 46.6""",1.06818e+07 au
413,413,06h 15m 44.91s,"-13deg 43' 06.6""",2.37086e+07 au
414,414,06h 16m 33.14s,"-35deg 08' 23.7""",1.15684e+07 au
415,415,06h 18m 50.77s,"+69deg 19' 08.7""",1.11194e+07 au
416,416,06h 19m 37.38s,"+59deg 00' 40.1""",9.42709e+06 au
417,417,06h 19m 59.59s,"-02deg 56' 40.2""",3.20287e+07 au
418,418,06h 20m 18.81s,"-30deg 03' 48.0""",2.12644e+07 au
419,419,06h 22m 06.78s,"-33deg 26' 12.3""",1.50011e+07 au
420,420,06h 22m 41.98s,"-17deg 57' 21.3""",3.15873e+07 au
421,421,06h 22m 57.73s,"+22deg 30' 46.2""",1.46599e+07 au
422,422,06h 23m 46.05s,"+04deg 35' 34.6""",8.12386e+06 au
423,423,06h 23m 57.16s,"-52deg 41' 43.8""",1.97761e+07 au
424,424,06h 24m 53.90s,"+49deg 17' 16.4""",2.42664e+08 au
425,425,06h 28m 10.18s,"-32deg 34' 47.7""",2.56868e+07 au
426,426,06h 28m 49.06s,"-07deg 01' 59.1""",4.37002e+07 au
427,427,06h 28m 57.78s,"+20deg 12' 43.3""",3.17819e+07 au
428,428,06h 31m 51.36s,"-23deg 25' 06.2""",1.29726e+08 au
429,429,06h 32m 54.22s,"+07deg 19' 58.5""",9.5493e+07 au
430,430,06h 34m 58.56s,"-52deg 58' 31.9""",1.11494e+08 au
431,431,06h 35m 03.41s,"-22deg 57' 52.8""",2.60435e+07 au
432,432,06h 36m 41.15s,"-19deg 15' 22.9""",4.09174e+06 au
433,433,06h 37m 42.70s,"+16deg 23' 55.7""",6.62805e+06 au
434,434,06h 37m 45.67s,"-43deg 11' 45.5""",2.67529e+07 au
435,435,06h 37m 53.41s,"-18deg 14' 15.1""",2.93407e+07 au
436,436,06h 39m 16.73s,"-14deg 08' 44.9""",9.96448e+07 au
437,437,06h 39m 19.82s,"+42deg 29' 18.6""",2.73561e+07 au
438,438,06h 40m 58.66s,"+09deg 53' 44.7""",6.46598e+07 au
439,439,06h 43m 55.92s,"+25deg 07' 51.7""",5.71371e+07 au
440,440,06h 43m 59.29s,"+13deg 13' 39.6""",1.74505e+07 au
441,441,06h 45m 07.98s,"-16deg 43' 28.3""",5.43933e+05 au
442,442,06h 45m 17.17s,"+12deg 53' 39.4""",3.61741e+06 au
443,443,06h 46m 14.07s,"+59deg 26' 29.8""",1.44646e+07 au
444,444,06h 47m 19.79s,"+08deg 02' 13.8""",3.06486e+07 au
445,445,06h 47m 51.63s,"+02deg 24' 43.5""",2.36001e+07 au
446,446,06h 48m 11.21s,"-61deg 56' 23.0""",6.25803e+06 au
447,447,06h 49m 50.44s,"-32deg 30' 30.4""",4.99431e+07 au
448,448,06h 49m 51.31s,"-53deg 37' 20.4""",3.49601e+07 au
449,449,06h 49m 56.26s,"-50deg 36' 54.0""",1.15555e+07 au
450,450,06h 50m 45.89s,"+41deg 46' 49.0""",2.30463e+07 au
451,451,06h 50m 52.36s,"-34deg 22' 02.3""",5.72958e+07 au
452,452,06h 52m 47.33s,"+33deg 57' 39.3""",1.24331e+07 au
453,453,06h 53m 32.90s,"-20deg 13' 27.2""",1.02111e+08 au
454,454,06h 54m 07.95s,"-24deg 11' 03.0""",1.25009e+08 au
455,455,06h 54m 11.16s,"-12deg 02' 19.4""",1.59401e+07 au
456,456,06h 54m 38.75s,"+13deg 10' 38.3""",5.7632e+06 au
457,457,06h 55m 37.52s,"-20deg 08' 10.4""",6.02937e+06 au
458,458,06h 56m 06.64s,"-14deg 02' 36.2""",5.74554e+07 au
459,459,06h 56m 08.22s,"-17deg 03' 15.2""",1.94589e+08 au
460,460,06h 56m 15.99s,"-48deg 43' 15.9""",6.71872e+07 au
461,461,06h 57m 16.63s,"+58deg 25' 18.9""",1.07766e+07 au
462,462,06h 57m 37.06s,"+45deg 05' 38.7""",1.4235e+07 au
463,463,06h 58m 37.55s,"-28deg 58' 19.4""",2.72477e+07 au
464,464,07h 00m 04.57s,"+76deg 58' 38.3""",1.18339e+07 au
465,465,07h 01m 43.14s,"-27deg 56' 05.3""",7.69645e+07 au
466,466,07h 02m 54.77s,"-04deg 14' 21.2""",7.06386e+07 au
467,467,07h 03m 01.47s,"-23deg 49' 59.7""",1.62413e+08 au
468,468,07h 03m 45.49s,"-15deg 38' 00.1""",2.54334e+07 au
469,469,07h 03m 53.47s,"-49deg 34' 58.7""",1.21475e+07 au
470,470,07h 04m 06.52s,"+20deg 34' 13.0""",7.393e+07 au
471,471,07h 08m 23.48s,"-26deg 23' 35.4""",1.13332e+08 au
472,472,07h 08m 44.98s,"-70deg 29' 53.5""",8.96024e+06 au
473,473,07h 08m 51.04s,"-39deg 39' 20.2""",4.75265e+07 au
474,474,07h 10m 13.68s,"-04deg 14' 08.2""",1.33505e+07 au
475,475,07h 11m 08.31s,"+30deg 14' 41.4""",1.90809e+07 au
476,476,07h 11m 39.42s,"+39deg 19' 14.0""",2.93825e+07 au
477,477,07h 11m 51.86s,"-00deg 29' 33.8""",2.37086e+07 au
478,478,07h 12m 33.30s,"-46deg 45' 30.9""",4.36817e+06 au
479,479,07h 13m 13.29s,"-45deg 11' 00.0""",1.14783e+07 au
480,480,07h 13m 32.57s,"-44deg 38' 15.0""",1.25313e+07 au
481,481,07h 14m 15.20s,"-26deg 21' 08.9""",9.96448e+07 au
482,482,07h 14m 38.13s,"-48deg 16' 18.9""",2.24201e+07 au
483,483,07h 14m 48.63s,"-26deg 46' 21.4""",5.8432e+07 au
484,484,07h 16m 34.97s,"-27deg 52' 51.3""",2.86479e+07 au
485,485,07h 16m 36.82s,"-23deg 18' 56.1""",3.96663e+08 au
486,486,07h 16m 49.81s,"-67deg 57' 25.5""",4.1754e+07 au
487,487,07h 17m 08.53s,"-37deg 05' 50.7""",6.92164e+07 au
488,488,07h 18m 05.50s,"+16deg 32' 24.4""",5.96313e+06 au
489,489,07h 18m 18.37s,"-36deg 44' 02.2""",5.35753e+07 au
490,490,07h 18m 31.97s,"+49deg 27' 53.2""",1.88026e+07 au
491,491,07h 18m 40.37s,"-24deg 33' 31.3""",1.89234e+08 au
492,492,07h 18m 42.48s,"-24deg 57' 15.7""",2.0222e+08 au
493,493,07h 20m 07.34s,"+21deg 58' 56.2""",3.71983e+06 au
494,494,07h 22m 13.53s,"-19deg 00' 59.9""",3.26886e+07 au
495,495,07h 24m 05.70s,"-29deg 18' 11.0""",2.0222e+08 au
496,496,07h 25m 38.89s,"+09deg 16' 33.7""",6.25045e+07 au
497,497,07h 25m 43.37s,"+27deg 47' 51.0""",7.96389e+06 au
498,498,07h 26m 42.82s,"+49deg 12' 40.3""",1.57334e+07 au
499,499,07h 27m 08.96s,"+08deg 17' 20.6""",1.07654e+07 au
500,500,07h 28m 09.70s,"+08deg 55' 32.2""",2.51542e+07 au
501,501,07h 29m 07.03s,"+31deg 47' 09.2""",3.81548e+06 au
502,502,07h 29m 13.69s,"-43deg 18' 00.5""",1.16271e+07 au
503,503,07h 29m 47.78s,"+12deg 00' 23.2""",3.54407e+07 au
504,504,07h 29m 51.41s,"-23deg 01' 27.3""",2.04223e+08 au
505,505,07h 30m 42.58s,"-30deg 57' 44.2""",1.10895e+08 au
506,506,07h 31m 04.42s,"+82deg 24' 40.2""",2.99368e+07 au
507,507,07h 33m 47.95s,"-14deg 31' 25.9""",2.12644e+08 au
508,508,07h 34m 03.11s,"-22deg 17' 44.7""",5.30107e+06 au
509,509,07h 34m 35.46s,"+31deg 53' 14.1""",3.26007e+06 au
510,510,07h 35m 22.77s,"-28deg 22' 10.0""",1.42252e+07 au
511,511,07h 35m 39.79s,"-52deg 32' 02.1""",2.49112e+07 au
512,512,07h 35m 55.27s,"+26deg 53' 42.0""",1.52001e+07 au
513,513,07h 37m 22.08s,"-34deg 58' 06.3""",2.26665e+07 au
514,514,07h 38m 18.04s,"-25deg 21' 53.5""",3.4842e+07 au
515,515,07h 38m 49.84s,"-26deg 48' 13.2""",2.87277e+07 au
516,516,07h 39m 09.86s,"+34deg 35' 00.7""",1.00031e+07 au
517,517,07h 39m 16.93s,"+05deg 13' 04.4""",7.21382e+05 au
518,518,07h 39m 27.29s,"-38deg 18' 28.5""",3.63142e+07 au
519,519,07h 40m 23.21s,"-15deg 15' 50.8""",4.27935e+07 au
520,520,07h 41m 14.71s,"-09deg 33' 04.6""",9.12272e+06 au
521,521,07h 41m 49.45s,"-72deg 36' 21.6""",8.46736e+06 au
522,522,07h 43m 00.30s,"+58deg 42' 36.0""",1.50011e+07 au
523,523,07h 43m 18.84s,"+28deg 52' 54.9""",7.73106e+06 au
524,524,07h 43m 32.36s,"-28deg 24' 38.4""",6.17559e+07 au
525,525,07h 43m 48.46s,"-28deg 57' 17.3""",2.06265e+14 au
526,526,07h 44m 26.81s,"+24deg 23' 51.4""",9.07456e+06 au
527,527,07h 45m 15.27s,"-37deg 58' 06.8""",8.77723e+07 au
528,528,07h 45m 17.78s,"+28deg 01' 33.2""",2.13216e+06 au
529,529,07h 46m 07.32s,"+18deg 30' 34.9""",2.15984e+07 au
530,530,07h 48m 05.15s,"-25deg 56' 13.7""",1.56261e+08 au
531,531,07h 48m 19.92s,"-47deg 04' 41.7""",1.43638e+07 au
532,532,07h 49m 14.28s,"-46deg 22' 23.3""",1.24256e+08 au
533,533,07h 49m 17.65s,"-24deg 51' 35.2""",8.52334e+07 au
534,534,07h 52m 13.00s,"-40deg 34' 32.7""",2.18039e+07 au
535,535,07h 52m 38.63s,"-38deg 51' 46.0""",4.05235e+07 au
536,536,07h 53m 03.61s,"-49deg 36' 46.6""",4.55331e+07 au
537,537,07h 53m 18.15s,"-48deg 06' 10.4""",1.22777e+08 au
538,538,07h 53m 29.75s,"+26deg 45' 56.0""",1.60893e+07 au
539,539,07h 56m 46.64s,"-52deg 58' 56.1""",2.44679e+07 au
540,540,07h 56m 51.49s,"-22deg 52' 48.1""",3.17819e+07 au
541,541,07h 57m 40.09s,"-30deg 20' 04.3""",9.12676e+07 au
542,542,07h 58m 14.42s,"-49deg 14' 41.5""",7.3666e+07 au
543,543,07h 59m 44.06s,"-03deg 40' 46.5""",1.57936e+07 au
544,544,07h 59m 52.04s,"-18deg 23' 58.1""",1.50668e+07 au
545,545,08h 00m 19.96s,"-63deg 34' 02.4""",3.42633e+07 au
546,546,08h 01m 13.44s,"-01deg 23' 35.3""",2.98935e+07 au
547,547,08h 02m 15.89s,"+02deg 20' 07.1""",1.65144e+07 au
548,548,08h 03m 31.03s,"+27deg 47' 38.7""",1.62926e+07 au
549,549,08h 03m 34.98s,"-40deg 00' 10.9""",8.85257e+07 au
550,550,08h 07m 32.50s,"-24deg 18' 14.4""",3.96739e+06 au
551,551,08h 07m 55.66s,"-68deg 37' 00.7""",4.06033e+07 au
552,552,08h 08m 27.29s,"+51deg 30' 24.0""",1.37878e+07 au
553,553,08h 08m 35.62s,"-02deg 59' 01.7""",1.17196e+08 au
554,554,08h 09m 00.14s,"-61deg 18' 16.1""",4.41208e+06 au
555,555,08h 09m 01.62s,"-19deg 14' 42.2""",2.98935e+07 au
556,556,08h 09m 31.94s,"-47deg 20' 11.5""",5.3161e+07 au
557,557,08h 11m 16.26s,"-12deg 55' 37.0""",1.1693e+07 au
558,558,08h 11m 21.47s,"-39deg 37' 06.7""",1.18543e+08 au
559,559,08h 11m 25.88s,"-42deg 59' 14.1""",2.94664e+08 au
560,560,08h 12m 12.78s,"+17deg 38' 48.2""",5.27397e+06 au
561,561,08h 13m 19.95s,"-15deg 47' 17.7""",7.78358e+07 au
562,562,08h 13m 29.50s,"-35deg 53' 58.0""",6.19414e+07 au
563,563,08h 14m 03.02s,"-40deg 20' 54.0""",1.96443e+07 au
564,564,08h 16m 30.84s,"+09deg 11' 06.8""",1.83673e+07 au
565,565,08h 18m 32.35s,"-76deg 55' 08.4""",4.01293e+06 au
566,566,08h 18m 33.08s,"-36deg 39' 30.9""",5.88319e+06 au
567,567,08h 20m 37.56s,"-77deg 29' 03.1""",9.7203e+06 au
568,568,08h 21m 23.00s,"-33deg 03' 15.7""",5.30244e+07 au
569,569,08h 22m 30.75s,"-59deg 30' 33.6""",3.99738e+07 au
570,570,08h 22m 31.68s,"-48deg 29' 25.2""",9.5493e+07 au
571,571,08h 22m 50.05s,"+43deg 11' 14.8""",2.45846e+07 au
572,572,08h 25m 39.52s,"-03deg 54' 23.7""",7.9059e+06 au
573,573,08h 25m 44.05s,"-66deg 08' 16.6""",6.8277e+06 au
574,574,08h 30m 15.42s,"+60deg 43' 02.7""",1.1614e+07 au
575,575,08h 35m 19.88s,"-58deg 00' 32.5""",1.45155e+07 au
576,576,08h 37m 38.61s,"-42deg 59' 20.5""",9.08656e+07 au
577,577,08h 37m 39.25s,"+05deg 42' 13.4""",1.1327e+07 au
578,578,08h 38m 45.41s,"+03deg 20' 28.8""",2.22989e+07 au
579,579,08h 39m 42.43s,"-29deg 33' 42.2""",1.49143e+07 au
580,580,08h 40m 01.34s,"-12deg 28' 31.3""",2.65122e+07 au
581,581,08h 40m 06.16s,"-35deg 18' 30.6""",2.45553e+07 au
582,582,08h 40m 12.59s,"+64deg 19' 41.2""",1.59648e+07 au
583,583,08h 40m 17.52s,"-52deg 55' 17.9""",3.12997e+07 au
584,584,08h 40m 37.00s,"-59deg 45' 39.5""",8.92921e+07 au
585,585,08h 40m 37.55s,"-46deg 38' 55.4""",1.96443e+08 au
586,586,08h 41m 13.11s,"-47deg 19' 01.5""",1.19921e+08 au
587,587,08h 41m 43.34s,"-15deg 56' 38.6""",1.29077e+07 au
588,588,08h 42m 25.32s,"-53deg 06' 49.8""",3.03331e+07 au
589,589,08h 43m 13.44s,"+03deg 23' 55.2""",2.95086e+07 au
590,590,08h 43m 16.96s,"+21deg 28' 05.6""",1.00226e+07 au
591,591,08h 43m 35.51s,"-33deg 11' 10.7""",5.34365e+07 au
592,592,08h 43m 40.35s,"-07deg 14' 01.5""",3.81972e+07 au
593,593,08h 44m 23.89s,"-42deg 38' 56.9""",1.44544e+07 au
594,594,08h 44m 41.07s,"+18deg 09' 09.9""",8.60512e+06 au
595,595,08h 44m 42.31s,"-54deg 42' 34.3""",5.04315e+06 au
596,596,08h 46m 01.62s,"-46deg 02' 29.4""",9.82213e+07 au
597,597,08h 46m 22.57s,"-13deg 32' 51.9""",1.43439e+07 au
598,598,08h 46m 41.78s,"+28deg 45' 34.5""",1.88542e+07 au
599,599,08h 46m 42.52s,"-56deg 46' 11.0""",3.45502e+07 au
600,600,08h 46m 46.13s,"+06deg 25' 06.7""",8.54806e+06 au
601,601,08h 48m 25.94s,"+05deg 50' 15.4""",2.13304e+07 au
602,602,08h 49m 47.61s,"-45deg 18' 28.0""",5.23515e+07 au
603,603,08h 50m 31.67s,"-27deg 42' 33.3""",1.31967e+07 au
604,604,08h 55m 02.73s,"-60deg 38' 39.5""",1.97383e+07 au
605,605,08h 55m 23.46s,"+05deg 56' 44.4""",9.53165e+06 au
606,606,08h 55m 31.72s,"-27deg 40' 57.2""",1.43239e+07 au
607,607,08h 56m 19.22s,"-52deg 43' 24.1""",2.37632e+07 au
608,608,08h 56m 58.39s,"-59deg 13' 45.4""",3.92885e+07 au
609,609,08h 58m 29.29s,"+11deg 51' 27.0""",1.09774e+07 au
610,610,08h 59m 11.36s,"+48deg 02' 25.2""",3.0191e+06 au
611,611,09h 00m 05.32s,"-41deg 15' 11.6""",1.27403e+07 au
612,612,09h 00m 37.29s,"+41deg 46' 53.0""",3.38917e+06 au
613,613,09h 02m 26.79s,"-66deg 23' 48.2""",7.8607e+06 au
614,614,09h 02m 32.60s,"+67deg 37' 47.1""",1.81731e+07 au
615,615,09h 03m 37.44s,"+47deg 09' 22.1""",2.67529e+07 au
616,616,09h 04m 09.17s,"-47deg 05' 52.1""",1.95512e+07 au
617,617,09h 05m 08.77s,"-72deg 36' 09.9""",2.87277e+07 au
618,618,09h 05m 38.35s,"-70deg 32' 18.3""",6.82996e+07 au
619,619,09h 05m 58.34s,"+05deg 05' 32.1""",7.66784e+07 au
620,620,09h 06m 31.71s,"+38deg 27' 07.6""",4.28825e+07 au
621,621,09h 07m 59.71s,"-43deg 25' 57.0""",3.62504e+07 au
622,622,09h 08m 02.95s,"-25deg 51' 30.7""",3.08318e+07 au
623,623,09h 08m 51.89s,"+51deg 36' 15.9""",6.04528e+06 au
624,624,09h 10m 23.60s,"+67deg 08' 00.2""",4.22068e+06 au
625,625,09h 10m 55.43s,"+63deg 30' 47.6""",7.69932e+06 au
626,626,09h 10m 58.03s,"-58deg 58' 00.5""",2.64782e+07 au
627,627,09h 11m 04.39s,"-44deg 52' 04.3""",2.06265e+14 au
628,628,09h 11m 16.58s,"-62deg 19' 00.7""",3.15873e+07 au
629,629,09h 13m 11.22s,"-69deg 42' 59.3""",7.03016e+06 au
630,630,09h 14m 22.04s,"+02deg 18' 43.8""",8.13989e+06 au
631,631,09h 15m 36.56s,"-38deg 34' 12.0""",1.4235e+07 au
632,632,09h 15m 45.11s,"-37deg 24' 47.5""",1.04756e+07 au
633,633,09h 16m 11.47s,"+54deg 01' 20.2""",7.48693e+06 au
634,634,09h 16m 11.99s,"-57deg 32' 29.7""",3.39251e+07 au
635,635,09h 17m 05.35s,"-59deg 16' 30.5""",4.3793e+07 au
636,636,09h 18m 50.58s,"+36deg 48' 06.3""",7.71083e+06 au
637,637,09h 19m 46.34s,"-11deg 58' 29.2""",2.0222e+07 au
638,638,09h 20m 29.00s,"-09deg 33' 21.2""",1.54044e+07 au
639,639,09h 20m 56.76s,"-62deg 24' 16.7""",1.40795e+07 au
640,640,09h 21m 02.86s,"+34deg 23' 33.6""",1.40412e+07 au
641,641,09h 21m 29.57s,"-25deg 57' 55.8""",3.30024e+07 au
642,642,09h 22m 06.79s,"-55deg 00' 38.1""",3.40934e+07 au
643,643,09h 23m 12.01s,"-28deg 50' 01.4""",1.15103e+07 au
644,644,09h 24m 39.20s,"+26deg 10' 55.2""",1.3499e+07 au
645,645,09h 27m 18.71s,"-22deg 20' 41.3""",1.11314e+07 au
646,646,09h 27m 35.22s,"-08deg 39' 30.1""",1.121e+07 au
647,647,09h 29m 09.06s,"-02deg 46' 08.3""",3.5271e+06 au
648,648,09h 29m 14.67s,"-35deg 57' 04.7""",4.42628e+07 au
649,649,09h 30m 41.68s,"-40deg 27' 59.2""",3.82752e+06 au
650,650,09h 31m 13.22s,"-57deg 02' 03.6""",1.50339e+07 au
651,651,09h 31m 32.10s,"+63deg 03' 43.4""",4.77465e+06 au
652,652,09h 31m 43.19s,"+22deg 58' 03.7""",2.12864e+07 au
653,653,09h 31m 56.59s,"+11deg 17' 57.3""",1.50889e+07 au
654,654,09h 31m 58.91s,"-01deg 11' 04.9""",2.90105e+07 au
655,655,09h 32m 48.91s,"+51deg 40' 25.0""",2.78172e+06 au
656,656,09h 34m 13.40s,"+36deg 23' 50.6""",1.11374e+07 au
657,657,09h 34m 26.61s,"-59deg 13' 47.0""",1.25009e+08 au
658,658,09h 34m 28.55s,"+69deg 49' 51.2""",6.6774e+06 au
659,659,09h 34m 49.26s,"+52deg 03' 04.4""",1.68931e+07 au
660,660,09h 35m 03.77s,"+39deg 37' 17.9""",1.44951e+07 au
661,661,09h 36m 49.21s,"-49deg 21' 17.0""",6.7962e+06 au
662,662,09h 37m 05.10s,"+81deg 19' 34.6""",6.80742e+07 au
663,663,09h 37m 12.55s,"+06deg 50' 09.2""",1.42744e+07 au
664,664,09h 38m 27.01s,"+04deg 38' 56.2""",1.73332e+07 au
665,665,09h 39m 20.88s,"-61deg 19' 40.6""",1.41568e+07 au
666,666,09h 39m 51.44s,"-01deg 08' 35.7""",1.74357e+07 au
667,667,09h 41m 08.79s,"+09deg 53' 31.4""",8.55161e+06 au
668,668,09h 41m 16.95s,"-23deg 35' 29.4""",3.14428e+07 au
669,669,09h 42m 13.70s,"-23deg 54' 49.5""",3.06987e+06 au
670,670,09h 44m 12.00s,"-27deg 46' 09.2""",2.4295e+07 au
671,671,09h 45m 14.77s,"-62deg 30' 28.2""",9.5493e+07 au
672,672,09h 45m 50.99s,"+23deg 46' 27.1""",1.58543e+07 au
673,673,09h 47m 06.08s,"-65deg 04' 19.1""",1.02619e+08 au
674,674,09h 50m 58.41s,"+59deg 02' 15.7""",7.27565e+06 au
675,675,09h 51m 28.73s,"-14deg 50' 48.3""",1.73041e+07 au
676,676,09h 51m 40.61s,"-46deg 32' 51.2""",6.85265e+07 au
677,677,09h 52m 06.34s,"+54deg 03' 52.1""",2.76124e+07 au
678,678,09h 52m 45.42s,"+26deg 00' 23.7""",8.4121e+06 au
679,679,09h 54m 11.98s,"-25deg 55' 55.0""",2.12425e+07 au
680,680,09h 54m 52.13s,"-19deg 00' 34.6""",4.46461e+07 au
681,681,09h 56m 51.70s,"-54deg 34' 04.0""",1.2205e+08 au
682,682,10h 00m 12.76s,"+08deg 02' 38.7""",3.32149e+07 au
683,683,10h 05m 07.41s,"-13deg 03' 52.2""",1.75246e+07 au
684,684,10h 07m 19.95s,"+16deg 45' 45.6""",1.34814e+08 au
685,685,10h 07m 25.86s,"+35deg 14' 40.9""",5.76481e+06 au
686,686,10h 07m 54.13s,"+09deg 59' 49.4""",1.73478e+07 au
687,687,10h 07m 56.24s,"-00deg 22' 18.0""",1.81731e+07 au
688,688,10h 08m 21.89s,"+11deg 58' 02.1""",4.90057e+06 au
689,689,10h 08m 56.20s,"-51deg 48' 40.5""",6.85265e+07 au
690,690,10h 10m 34.94s,"-12deg 21' 17.2""",7.25263e+06 au
691,691,10h 13m 44.05s,"-70deg 02' 16.3""",2.34126e+07 au
692,692,10h 14m 43.82s,"-42deg 07' 17.8""",6.50267e+06 au
693,693,10h 16m 41.45s,"+23deg 25' 02.1""",1.64224e+07 au
694,694,10h 17m 04.89s,"-61deg 19' 56.1""",4.65609e+07 au
695,695,10h 17m 05.41s,"+42deg 54' 50.7""",8.49876e+06 au
696,696,10h 19m 36.71s,"-55deg 01' 45.4""",9.41848e+07 au
697,697,10h 19m 43.77s,"+19deg 28' 10.0""",4.36632e+06 au
698,698,10h 19m 58.90s,"+19deg 50' 25.6""",7.94549e+06 au
699,699,10h 20m 54.74s,"-56deg 02' 35.6""",8.81474e+07 au
700,700,10h 22m 19.52s,"-41deg 38' 58.4""",1.26854e+07 au
701,701,10h 22m 19.56s,"+41deg 29' 59.1""",1.57334e+07 au
702,702,10h 22m 58.05s,"-66deg 54' 05.1""",2.71759e+07 au
703,703,10h 24m 07.81s,"+65deg 33' 58.6""",1.90281e+07 au
704,704,10h 24m 23.61s,"-74deg 01' 54.5""",3.34465e+06 au
705,705,10h 25m 54.66s,"+33deg 47' 44.6""",1.30879e+07 au
706,706,10h 26m 05.21s,"-16deg 50' 12.6""",1.56975e+07 au
707,707,10h 27m 08.95s,"-31deg 04' 03.8""",2.31758e+07 au
708,708,10h 27m 24.45s,"-57deg 38' 19.6""",2.06265e+14 au
709,709,10h 27m 52.69s,"-58deg 44' 21.8""",6.58993e+07 au
710,710,10h 27m 52.74s,"+36deg 42' 23.2""",9.23298e+06 au
711,711,10h 30m 20.28s,"-71deg 59' 34.8""",1.63702e+07 au
712,712,10h 30m 37.06s,"+55deg 58' 49.1""",2.65054e+06 au
713,713,10h 31m 02.02s,"-73deg 13' 17.2""",6.10251e+07 au
714,714,10h 31m 20.65s,"-53deg 42' 50.6""",4.51148e+06 au
715,715,10h 32m 01.41s,"-61deg 41' 06.9""",3.14428e+07 au
716,716,10h 32m 48.66s,"+09deg 18' 23.6""",3.61868e+08 au
717,717,10h 33m 13.58s,"+40deg 25' 32.2""",7.08084e+06 au
718,718,10h 35m 05.18s,"+75deg 42' 46.2""",1.62669e+07 au
719,719,10h 35m 27.79s,"-78deg 36' 27.7""",2.61426e+07 au
720,720,10h 35m 35.25s,"-57deg 33' 27.5""",8.70316e+07 au
721,721,10h 37m 13.51s,"-27deg 24' 45.0""",3.03331e+07 au
722,722,10h 37m 17.82s,"-48deg 13' 32.3""",5.46976e+06 au
723,723,10h 37m 33.34s,"-13deg 23' 05.3""",3.33762e+07 au
724,724,10h 38m 34.78s,"-16deg 52' 35.0""",1.42056e+07 au
725,725,10h 38m 43.21s,"+31deg 58' 34.6""",2.99803e+07 au
726,726,10h 38m 44.95s,"-59deg 10' 58.8""",1.17196e+08 au
727,727,10h 39m 18.34s,"-55deg 36' 11.7""",5.69792e+07 au
728,728,10h 42m 14.05s,"-64deg 27' 58.9""",2.88482e+07 au
729,729,10h 42m 57.33s,"-64deg 23' 39.7""",2.77611e+07 au
730,730,10h 43m 32.24s,"-60deg 33' 59.8""",6.74068e+07 au
731,731,10h 44m 06.85s,"-63deg 57' 39.6""",3.06031e+07 au
732,732,10h 45m 46.63s,"-80deg 32' 24.5""",2.2995e+07 au
733,733,10h 46m 46.34s,"-49deg 25' 14.2""",7.31955e+06 au
734,734,10h 46m 51.15s,"-64deg 23' 00.3""",2.84111e+07 au
735,735,10h 49m 37.65s,"-16deg 11' 32.2""",8.76231e+06 au
736,736,10h 53m 18.89s,"+34deg 12' 46.5""",6.17559e+06 au
737,737,10h 53m 29.91s,"-58deg 51' 10.5""",6.1188e+06 au
738,738,10h 53m 58.84s,"+43deg 11' 23.2""",1.68793e+07 au
739,739,10h 55m 36.66s,"+24deg 44' 58.6""",1.82697e+07 au
740,740,10h 56m 43.21s,"-37deg 08' 19.0""",1.25771e+07 au
741,741,10h 59m 45.66s,"-18deg 17' 52.4""",1.10243e+07 au
742,742,11h 00m 09.32s,"-42deg 13' 33.0""",1.28996e+07 au
743,743,11h 00m 33.67s,"+03deg 37' 02.6""",2.1621e+07 au
744,744,11h 00m 44.72s,"+06deg 06' 04.7""",9.54488e+06 au
745,745,11h 01m 49.69s,"-02deg 29' 05.4""",3.25339e+07 au
746,746,11h 01m 50.72s,"+56deg 22' 57.6""",5.02227e+06 au
747,747,11h 02m 19.76s,"+20deg 10' 48.4""",7.82195e+06 au
748,748,11h 03m 43.19s,"+61deg 45' 02.8""",7.81898e+06 au
749,749,11h 05m 00.45s,"+07deg 20' 08.5""",5.97177e+06 au
750,750,11h 05m 19.55s,"-27deg 17' 37.2""",8.97584e+06 au
751,751,11h 06m 32.30s,"-62deg 25' 26.6""",2.3386e+07 au
752,752,11h 08m 35.37s,"-58deg 58' 30.1""",3.75027e+08 au
753,753,11h 09m 39.66s,"+44deg 29' 53.9""",9.28702e+06 au
754,754,11h 11m 39.50s,"-22deg 49' 35.5""",1.68242e+07 au
755,755,11h 12m 35.99s,"-60deg 19' 03.4""",7.93326e+08 au
756,756,11h 14m 06.75s,"+20deg 31' 22.2""",3.64941e+06 au
757,757,11h 14m 14.30s,"+15deg 25' 44.5""",1.12345e+07 au
758,758,11h 15m 12.19s,"+23deg 05' 43.6""",4.20949e+08 au
759,759,11h 16m 39.52s,"-03deg 39' 06.6""",1.23586e+07 au
760,760,11h 18m 28.68s,"+33deg 05' 40.2""",2.66492e+07 au
761,761,11h 19m 07.78s,"+38deg 11' 06.3""",1.15749e+07 au
762,762,11h 19m 20.24s,"-14deg 46' 37.6""",1.23143e+07 au
763,763,11h 21m 00.31s,"-54deg 29' 27.7""",2.03217e+07 au
764,764,11h 21m 08.04s,"+06deg 01' 45.2""",1.35344e+07 au
765,765,11h 22m 49.50s,"+43deg 28' 57.4""",3.11108e+07 au
766,766,11h 23m 12.63s,"-36deg 09' 53.2""",5.42802e+07 au
767,767,11h 23m 55.69s,"+10deg 31' 44.3""",4.99915e+06 au
768,768,11h 24m 36.55s,"-10deg 51' 33.0""",2.30463e+07 au
769,769,11h 24m 52.76s,"-17deg 41' 02.4""",5.30244e+06 au
770,770,11h 27m 56.27s,"+02deg 51' 22.3""",3.92885e+07 au
771,771,11h 30m 18.93s,"-03deg 00' 13.0""",3.81972e+07 au
772,772,11h 31m 24.03s,"+69deg 19' 51.4""",2.11337e+07 au
773,773,11h 32m 16.37s,"-29deg 15' 36.1""",5.50921e+06 au
774,774,11h 32m 59.71s,"-31deg 51' 28.5""",8.17538e+06 au
775,775,11h 34m 45.50s,"-54deg 15' 50.3""",2.9299e+07 au
776,776,11h 35m 46.76s,"-63deg 01' 11.6""",2.59127e+07 au
777,777,11h 36m 40.81s,"-09deg 48' 08.0""",1.92771e+07 au
778,778,11h 36m 56.93s,"-00deg 49' 24.4""",1.12651e+07 au
779,779,11h 40m 12.70s,"-34deg 44' 40.8""",3.12997e+07 au
780,780,11h 40m 53.58s,"-62deg 05' 24.3""",4.61443e+07 au
781,781,11h 43m 31.17s,"-62deg 29' 21.8""",1.62413e+08 au
782,782,11h 44m 45.82s,"-18deg 21' 03.0""",2.21552e+07 au
783,783,11h 45m 17.14s,"+08deg 15' 28.7""",7.55826e+06 au
784,784,11h 45m 36.00s,"-66deg 43' 42.7""",8.11427e+06 au
785,785,11h 45m 51.53s,"+06deg 31' 41.3""",1.97951e+07 au
786,786,11h 46m 02.67s,"+47deg 46' 46.6""",1.23957e+07 au
787,787,11h 46m 30.75s,"-61deg 10' 42.6""",2.74654e+07 au
788,788,11h 46m 27.75s,"-40deg 29' 51.3""",1.9058e+06 au
789,789,11h 47m 58.88s,"+20deg 13' 08.1""",1.43239e+07 au
790,790,11h 48m 14.66s,"-66deg 48' 54.1""",2.73198e+07 au
791,791,11h 49m 02.73s,"+14deg 34' 16.6""",2.28776e+06 au
792,792,11h 49m 41.00s,"-63deg 47' 18.4""",2.90514e+07 au
793,793,11h 49m 56.58s,"-70deg 13' 32.9""",9.20825e+07 au
794,794,11h 50m 42.94s,"+01deg 45' 46.3""",2.24836e+06 au
795,795,11h 51m 08.52s,"-45deg 10' 24.7""",2.93407e+07 au
796,796,11h 51m 51.09s,"-65deg 12' 21.4""",2.13968e+07 au
797,797,11h 52m 54.41s,"-33deg 54' 29.2""",2.3098e+07 au
798,798,11h 53m 50.15s,"+53deg 41' 41.4""",5.2902e+06 au
799,799,11h 59m 37.24s,"-78deg 13' 18.8""",2.30463e+07 au
800,800,12h 00m 52.39s,"+06deg 36' 50.8""",2.2518e+07 au
801,801,12h 03m 00.94s,"-63deg 18' 46.4""",1.45359e+07 au
802,802,12h 04m 19.15s,"-63deg 09' 56.6""",4.76362e+07 au
803,803,12h 05m 12.17s,"+08deg 44' 00.2""",1.08105e+07 au
804,804,12h 06m 53.03s,"-64deg 36' 50.4""",4.06113e+06 au
805,805,12h 08m 05.14s,"-50deg 39' 40.8""",2.37632e+07 au
806,806,12h 08m 21.38s,"-50deg 43' 20.9""",2.50018e+07 au
807,807,12h 08m 25.00s,"-24deg 43' 44.9""",3.0463e+06 au
808,808,12h 10m 07.35s,"-22deg 37' 10.9""",1.91874e+07 au
809,809,12h 11m 39.00s,"-52deg 22' 06.9""",2.16437e+07 au
810,810,12h 15m 08.60s,"-58deg 44' 56.4""",2.30206e+07 au
811,811,12h 15m 25.87s,"+57deg 01' 57.6""",5.15018e+06 au
812,812,12h 15m 48.09s,"-17deg 32' 30.4""",1.04279e+07 au
813,813,12h 16m 20.49s,"+23deg 56' 43.3""",1.57214e+07 au
814,814,12h 16m 30.03s,"+33deg 03' 38.7""",1.93676e+07 au
815,815,12h 17m 33.26s,"-67deg 57' 39.3""",1.90986e+07 au
816,816,12h 18m 20.49s,"-79deg 18' 43.8""",1.71174e+07 au
817,817,12h 18m 26.12s,"-64deg 00' 11.3""",2.28422e+07 au
818,818,12h 19m 54.26s,"-00deg 40' 01.1""",1.57936e+07 au
819,819,12h 20m 20.50s,"+03deg 18' 43.7""",1.80459e+07 au
820,820,12h 20m 42.84s,"+17deg 47' 36.5""",2.28169e+07 au
821,821,12h 21m 21.04s,"-60deg 24' 01.9""",1.44241e+07 au
822,822,12h 22m 30.29s,"+25deg 50' 46.0""",1.72896e+07 au
823,823,12h 24m 01.53s,"+51deg 33' 44.4""",2.48512e+07 au
824,824,12h 26m 24.04s,"+27deg 16' 05.4""",1.73041e+07 au
825,825,12h 26m 31.68s,"-51deg 27' 02.5""",2.52775e+07 au
826,826,12h 26m 35.77s,"-63deg 05' 57.1""",2.02817e+07 au
827,827,12h 26m 56.12s,"+28deg 16' 04.3""",1.07542e+07 au
828,828,12h 26m 59.28s,"+26deg 49' 32.3""",1.7843e+07 au
829,829,12h 28m 02.30s,"-50deg 13' 50.6""",2.80251e+07 au
830,830,12h 29m 51.49s,"-16deg 30' 59.0""",5.5582e+06 au
831,831,12h 31m 10.04s,"-57deg 06' 54.1""",5.5612e+06 au
832,832,12h 32m 03.50s,"-16deg 11' 47.1""",3.75573e+06 au
833,833,12h 32m 27.74s,"-72deg 07' 58.9""",2.04831e+07 au
834,834,12h 33m 28.67s,"+69deg 47' 17.9""",3.14908e+07 au
835,835,12h 33m 42.99s,"+41deg 21' 34.2""",1.72664e+06 au
836,836,12h 34m 23.24s,"-23deg 23' 49.7""",8.8374e+06 au
837,837,12h 34m 43.87s,"+70deg 01' 18.3""",3.45502e+07 au
838,838,12h 34m 50.98s,"+22deg 37' 46.0""",2.30721e+07 au
839,839,12h 37m 10.83s,"-69deg 08' 08.3""",1.93313e+07 au
840,840,12h 37m 41.70s,"-48deg 32' 28.9""",8.3272e+06 au
841,841,12h 39m 14.64s,"-07deg 59' 44.6""",2.0143e+07 au
842,842,12h 39m 52.44s,"-39deg 59' 14.9""",2.24445e+07 au
843,843,12h 41m 30.57s,"-48deg 57' 35.6""",8.24729e+06 au
844,844,12h 41m 38.62s,"-01deg 26' 56.2""",2.44014e+06 au
845,845,12h 41m 53.20s,"+10deg 14' 06.0""",7.61125e+06 au
846,846,12h 41m 56.49s,"-59deg 41' 09.0""",6.54809e+07 au
847,847,12h 42m 35.14s,"-48deg 48' 47.9""",1.19159e+07 au
848,848,12h 45m 38.43s,"-60deg 58' 54.4""",7.88173e+06 au
849,849,12h 46m 16.63s,"-68deg 06' 29.5""",1.96818e+07 au
850,850,12h 46m 22.62s,"-56deg 29' 20.1""",2.50321e+07 au
851,851,12h 47m 43.11s,"-59deg 41' 19.9""",2.22989e+07 au
852,852,12h 50m 41.11s,"-33deg 59' 57.8""",2.45846e+07 au
853,853,12h 51m 41.90s,"+27deg 32' 26.3""",1.94223e+07 au
854,854,12h 53m 06.71s,"-48deg 56' 36.6""",1.91518e+07 au
855,855,12h 53m 17.67s,"+21deg 14' 41.0""",2.05035e+07 au
856,856,12h 53m 26.35s,"-40deg 10' 44.5""",9.80812e+06 au
857,857,12h 54m 02.08s,"+55deg 57' 35.1""",5.11823e+06 au
858,858,12h 54m 21.13s,"-09deg 32' 20.9""",2.63766e+07 au
859,859,12h 54m 35.53s,"-57deg 10' 40.9""",2.38732e+07 au
860,860,12h 54m 39.07s,"-59deg 08' 48.5""",2.27665e+07 au
861,861,12h 55m 35.43s,"+03deg 23' 49.6""",1.28035e+07 au
862,862,12h 56m 01.18s,"+38deg 19' 07.5""",6.96841e+06 au
863,863,12h 58m 55.38s,"+17deg 24' 34.9""",1.8906e+07 au
864,864,13h 00m 16.43s,"+30deg 47' 05.9""",5.68223e+07 au
865,865,13h 00m 44.02s,"+56deg 21' 58.9""",5.1489e+06 au
866,866,13h 02m 10.13s,"+10deg 57' 33.4""",6.46598e+06 au
867,867,13h 02m 17.64s,"-71deg 32' 56.5""",5.74394e+06 au
868,868,13h 03m 33.19s,"-49deg 31' 38.4""",1.37785e+07 au
869,869,13h 06m 16.63s,"-48deg 27' 48.2""",2.61757e+07 au
870,870,13h 06m 54.57s,"-49deg 54' 22.8""",2.60435e+07 au
871,871,13h 07m 10.79s,"+27deg 37' 27.4""",1.91874e+07 au
872,872,13h 09m 03.23s,"-23deg 07' 06.0""",1.45873e+07 au
873,873,13h 09m 56.93s,"-05deg 32' 21.2""",2.62423e+07 au
874,874,13h 09m 58.50s,"+17deg 31' 49.2""",2.95466e+06 au
875,875,13h 11m 50.90s,"+27deg 53' 03.3""",1.88835e+06 au
876,876,13h 12m 02.39s,"-37deg 48' 09.7""",4.22414e+06 au
877,877,13h 12m 17.50s,"-59deg 55' 14.5""",2.18965e+07 au
878,878,13h 13m 42.83s,"+40deg 09' 10.8""",3.30553e+07 au
879,879,13h 14m 14.34s,"-59deg 06' 15.5""",3.71715e+06 au
880,880,13h 15m 14.78s,"-67deg 53' 40.8""",2.56548e+07 au
881,881,13h 17m 12.95s,"-66deg 47' 00.5""",7.50054e+07 au
882,882,13h 17m 32.27s,"+40deg 34' 21.8""",1.81093e+07 au
883,883,13h 17m 36.27s,"+05deg 28' 11.8""",3.42064e+07 au
884,884,13h 18m 22.45s,"-18deg 19' 06.6""",1.75844e+06 au
885,885,13h 18m 55.42s,"-23deg 10' 18.5""",8.35418e+06 au
886,886,13h 20m 35.12s,"-36deg 42' 46.4""",3.70713e+06 au
887,887,13h 22m 37.82s,"-60deg 59' 18.6""",2.24201e+07 au
888,888,13h 23m 55.89s,"+54deg 55' 30.8""",4.94284e+06 au
889,889,13h 24m 00.59s,"-64deg 32' 08.9""",1.62541e+07 au
890,890,13h 25m 11.51s,"-11deg 09' 41.5""",1.65808e+07 au
891,891,13h 25m 13.88s,"+54deg 59' 16.2""",5.13224e+06 au
892,892,13h 27m 26.95s,"-15deg 58' 24.3""",1.63313e+07 au
893,893,13h 28m 25.41s,"+13deg 46' 29.4""",3.73533e+06 au
894,894,13h 31m 02.62s,"-39deg 24' 26.6""",7.93326e+07 au
895,895,13h 31m 57.71s,"-06deg 15' 22.0""",2.73198e+07 au
896,896,13h 34m 08.00s,"+03deg 39' 31.7""",1.15944e+07 au
897,897,13h 34m 26.94s,"+49deg 00' 58.2""",1.20482e+07 au
898,898,13h 34m 41.13s,"-00deg 35' 43.8""",4.62996e+06 au
899,899,13h 34m 47.98s,"+37deg 10' 56.5""",9.18365e+06 au
900,900,13h 37m 27.43s,"+36deg 17' 42.2""",1.21261e+07 au
901,901,13h 39m 53.22s,"-53deg 27' 59.3""",2.37632e+07 au
902,902,13h 40m 44.22s,"+54deg 40' 53.6""",3.47247e+07 au
903,903,13h 41m 44.65s,"-54deg 33' 34.5""",1.71174e+07 au
904,904,13h 45m 40.34s,"-33deg 02' 41.0""",3.97351e+06 au
905,905,13h 46m 39.41s,"-51deg 25' 58.6""",1.62669e+07 au
906,906,13h 47m 14.91s,"+17deg 27' 26.2""",3.21686e+06 au
907,907,13h 47m 32.13s,"+49deg 18' 47.4""",6.36816e+06 au
908,908,13h 49m 26.64s,"-34deg 27' 04.3""",1.12161e+07 au
909,909,13h 49m 28.48s,"+15deg 47' 53.5""",1.55203e+07 au
910,910,13h 49m 30.22s,"-41deg 41' 16.3""",3.0024e+07 au
911,911,13h 49m 36.94s,"-42deg 28' 25.9""",3.33223e+07 au
912,912,13h 49m 42.87s,"+21deg 15' 51.2""",2.32805e+07 au
913,913,13h 49m 52.11s,"-18deg 08' 03.9""",1.53015e+07 au
914,914,13h 51m 25.95s,"+64deg 43' 23.7""",2.47617e+07 au
915,915,13h 51m 47.43s,"+34deg 26' 38.5""",3.81972e+07 au
916,916,13h 51m 49.53s,"-32deg 59' 39.5""",1.88198e+07 au
917,917,13h 53m 12.51s,"-31deg 55' 39.7""",4.23542e+07 au
918,918,13h 54m 40.97s,"+18deg 23' 42.9""",2.3394e+06 au
919,919,13h 55m 32.25s,"-47deg 17' 19.3""",2.43237e+07 au
920,920,13h 57m 38.73s,"-63deg 41' 12.9""",1.32136e+07 au
921,921,13h 58m 16.21s,"-42deg 06' 03.2""",2.94244e+07 au
922,922,13h 58m 40.68s,"-44deg 48' 13.4""",2.64103e+07 au
923,923,14h 01m 38.82s,"+01deg 32' 39.8""",1.38062e+07 au
924,924,14h 01m 43.50s,"-45deg 36' 12.8""",2.83331e+07 au
925,925,14h 03m 49.29s,"-60deg 22' 23.6""",3.32149e+07 au
926,926,14h 04m 23.13s,"+64deg 22' 33.5""",1.95327e+07 au
927,927,14h 06m 02.71s,"-41deg 10' 47.2""",2.82168e+07 au
928,928,14h 06m 22.38s,"-26deg 41' 00.0""",6.41171e+06 au
929,929,14h 06m 39.88s,"-36deg 22' 24.7""",3.85398e+06 au
930,930,14h 08m 50.69s,"+77deg 32' 51.9""",3.16357e+07 au
931,931,14h 09m 54.42s,"-53deg 26' 22.4""",1.15039e+07 au
932,932,14h 10m 23.89s,"+25deg 05' 28.5""",7.5638e+06 au
933,933,14h 10m 50.49s,"-16deg 18' 07.6""",3.42633e+07 au
934,934,14h 12m 15.73s,"+02deg 24' 33.3""",1.65675e+07 au
935,935,14h 12m 53.76s,"-10deg 16' 21.8""",1.41374e+07 au
936,936,14h 13m 29.17s,"+51deg 47' 23.6""",9.80812e+06 au
937,937,14h 15m 37.76s,"+19deg 10' 07.2""",2.32149e+06 au
938,938,14h 16m 00.83s,"-06deg 00' 12.4""",4.41303e+06 au
939,939,14h 16m 09.53s,"+51deg 22' 04.2""",6.14982e+06 au
940,940,14h 16m 22.57s,"+46deg 05' 21.8""",6.14249e+06 au
941,941,14h 17m 59.83s,"+35deg 30' 34.6""",1.40988e+07 au
942,942,14h 18m 13.69s,"-81deg 00' 29.6""",8.82983e+06 au
943,943,14h 19m 06.56s,"-13deg 22' 15.2""",1.18068e+07 au
944,944,14h 19m 24.19s,"-46deg 03' 29.2""",2.22508e+07 au
945,945,14h 19m 44.99s,"+16deg 18' 26.5""",1.20482e+07 au
946,946,14h 20m 19.52s,"-56deg 23' 11.6""",7.50054e+07 au
947,947,14h 20m 33.30s,"-37deg 53' 07.3""",1.5638e+07 au
948,948,14h 20m 42.67s,"-45deg 11' 15.2""",9.39703e+06 au
949,949,14h 22m 36.92s,"-58deg 27' 32.4""",1.7843e+07 au
950,950,14h 23m 02.19s,"-39deg 30' 43.1""",2.64782e+07 au
951,951,14h 23m 05.40s,"-27deg 45' 17.4""",1.10479e+07 au
952,952,14h 23m 22.57s,"+08deg 26' 47.6""",1.35969e+07 au
953,953,14h 25m 11.17s,"+51deg 50' 52.8""",3.00546e+06 au
954,954,14h 26m 08.19s,"-45deg 13' 17.5""",6.54809e+07 au
955,955,14h 26m 10.84s,"-45deg 22' 45.6""",1.98714e+07 au
956,956,14h 26m 53.80s,"-83deg 40' 04.7""",1.76295e+07 au
957,957,14h 27m 31.60s,"+75deg 41' 46.1""",2.18039e+07 au
958,958,14h 28m 10.38s,"-29deg 29' 30.5""",2.62758e+07 au
959,959,14h 28m 11.91s,"-02deg 13' 40.7""",8.54099e+06 au
960,960,14h 31m 49.60s,"+30deg 22' 20.2""",9.40989e+06 au
961,961,14h 32m 04.43s,"+38deg 18' 33.5""",5.38691e+06 au
962,962,14h 32m 36.98s,"-50deg 27' 26.1""",3.63142e+07 au
963,963,14h 34m 41.18s,"+29deg 44' 45.8""",3.18999e+06 au
964,964,14h 35m 30.35s,"-42deg 09' 29.0""",1.95142e+07 au
965,965,14h 37m 53.16s,"-49deg 25' 33.7""",1.96256e+07 au
966,966,14h 39m 22.89s,"-60deg 49' 50.1""",2.7794e+05 au
967,967,14h 39m 24.04s,"-60deg 49' 50.3""",2.7794e+05 au
968,968,14h 40m 43.58s,"+16deg 25' 06.2""",2.00647e+07 au
969,969,14h 41m 09.04s,"+13deg 43' 41.6""",1.14148e+07 au
970,970,14h 41m 38.73s,"+08deg 09' 42.4""",3.64425e+07 au
971,971,14h 41m 55.70s,"-47deg 23' 18.1""",3.46664e+07 au
972,972,14h 41m 57.53s,"-37deg 47' 37.4""",1.92951e+07 au
973,973,14h 42m 29.67s,"-64deg 58' 36.3""",3.38305e+06 au
974,974,14h 43m 03.80s,"-05deg 39' 37.5""",3.85254e+06 au
975,975,14h 43m 25.34s,"+26deg 31' 39.8""",5.62029e+07 au
976,976,14h 43m 39.32s,"-35deg 10' 29.5""",1.29808e+07 au
977,977,14h 44m 59.22s,"-35deg 11' 30.6""",1.30879e+07 au
978,978,14h 44m 59.12s,"+27deg 04' 27.7""",1.32646e+07 au
979,979,14h 45m 14.36s,"+16deg 57' 50.2""",1.42448e+07 au
980,980,14h 46m 14.73s,"+01deg 53' 33.8""",8.13668e+06 au
981,981,14h 47m 51.66s,"-79deg 02' 41.5""",2.60107e+07 au
982,982,14h 50m 16.87s,"-27deg 57' 38.9""",1.93132e+07 au
983,983,14h 50m 42.13s,"+74deg 09' 20.1""",7.99786e+06 au
984,984,14h 50m 52.53s,"-16deg 02' 32.1""",4.88201e+06 au
985,985,14h 51m 01.22s,"-02deg 18' 00.0""",1.3669e+07 au
986,986,14h 51m 23.65s,"+19deg 05' 59.9""",1.38192e+06 au
987,987,14h 51m 38.25s,"-43deg 34' 32.0""",2.57831e+07 au
988,988,14h 57m 10.84s,"-04deg 20' 51.1""",5.75676e+06 au
989,989,14h 57m 34.69s,"+65deg 55' 57.7""",2.51542e+07 au
990,990,14h 58m 31.85s,"-43deg 08' 03.2""",3.31083e+07 au
991,991,14h 59m 09.65s,"-42deg 06' 15.6""",3.40934e+07 au
992,992,15h 00m 58.24s,"-08deg 31' 08.3""",1.92411e+07 au
993,993,15h 01m 56.68s,"+40deg 23' 25.3""",1.3834e+07 au
994,994,15h 02m 06.50s,"+25deg 00' 28.1""",2.27414e+07 au
995,995,15h 02m 53.94s,"+02deg 05' 29.0""",1.16009e+07 au
996,996,15h 03m 46.23s,"+47deg 39' 15.1""",2.63126e+06 au
997,997,15h 04m 04.08s,"-25deg 16' 56.2""",1.8466e+07 au
998,998,15h 04m 26.42s,"+26deg 56' 51.4""",1.58179e+07 au
999,999,15h 05m 07.03s,"-47deg 03' 05.0""",3.14428e+07 au
1000,1000,15h 07m 18.40s,"+24deg 52' 05.1""",4.06834e+06 au
1001,1001,15h 08m 50.57s,"-45deg 16' 48.1""",2.57188e+07 au
1002,1002,15h 11m 55.83s,"-48deg 44' 17.3""",1.15296e+07 au
1003,1003,15h 12m 13.23s,"-19deg 47' 31.0""",2.38181e+07 au
1004,1004,15h 12m 16.79s,"-52deg 05' 59.0""",7.35085e+06 au
1005,1005,15h 12m 49.54s,"-44deg 30' 02.0""",2.87277e+07 au
1006,1006,15h 14m 37.30s,"-31deg 31' 08.8""",7.21206e+07 au
1007,1007,15h 15m 30.33s,"+33deg 18' 50.7""",7.38242e+06 au
1008,1008,15h 17m 00.25s,"-09deg 22' 59.0""",1.01209e+07 au
1009,1009,15h 17m 30.54s,"-58deg 48' 07.7""",6.11155e+06 au
1010,1010,15h 17m 38.90s,"-63deg 36' 37.5""",2.36001e+07 au
1011,1011,15h 17m 49.82s,"-30deg 08' 55.3""",1.94773e+07 au
1012,1012,15h 18m 31.94s,"-47deg 52' 31.8""",1.83837e+07 au
1013,1013,15h 18m 54.28s,"-68deg 40' 47.2""",1.15555e+07 au
1014,1014,15h 20m 43.62s,"+71deg 50' 02.9""",3.03777e+07 au
1015,1015,15h 21m 22.28s,"-40deg 38' 51.7""",3.22793e+07 au
1016,1016,15h 21m 48.18s,"-36deg 15' 43.1""",2.06471e+07 au
1017,1017,15h 22m 07.92s,"-47deg 55' 43.3""",7.04697e+06 au
1018,1018,15h 22m 40.82s,"-44deg 41' 23.1""",3.18802e+07 au
1019,1019,15h 23m 09.31s,"-36deg 51' 31.1""",3.83392e+07 au
1020,1020,15h 23m 12.55s,"+30deg 17' 11.8""",3.84106e+06 au
1021,1021,15h 23m 22.61s,"-59deg 19' 15.7""",3.22289e+07 au
1022,1022,15h 24m 11.77s,"-10deg 19' 23.9""",6.67524e+06 au
1023,1023,15h 24m 29.12s,"+37deg 22' 39.9""",7.65077e+06 au
1024,1024,15h 24m 55.75s,"+58deg 57' 58.3""",6.46193e+06 au
1025,1025,15h 25m 20.12s,"-38deg 44' 01.4""",2.36542e+07 au
1026,1026,15h 27m 49.39s,"+29deg 06' 22.7""",7.21206e+06 au
1027,1027,15h 31m 24.58s,"+77deg 20' 57.8""",5.26186e+07 au
1028,1028,15h 31m 46.95s,"+40deg 53' 57.2""",2.71759e+07 au
1029,1029,15h 32m 55.74s,"+31deg 21' 32.7""",1.9663e+07 au
1030,1030,15h 34m 11.21s,"-10deg 03' 58.1""",5.97177e+06 au
1031,1031,15h 34m 41.49s,"+26deg 42' 50.7""",4.72543e+06 au
1032,1032,15h 34m 48.03s,"+10deg 32' 20.0""",1.32732e+07 au
1033,1033,15h 35m 08.41s,"-41deg 10' 01.0""",3.58721e+07 au
1034,1034,15h 35m 31.69s,"-14deg 47' 22.2""",9.62954e+06 au
1035,1035,15h 35m 53.20s,"-44deg 57' 30.7""",2.74654e+07 au
1036,1036,15h 36m 43.32s,"-66deg 19' 02.7""",1.3669e+07 au
1037,1037,15h 37m 01.43s,"-28deg 08' 06.4""",1.2307e+07 au
1038,1038,15h 38m 02.87s,"-42deg 34' 01.1""",1.45359e+07 au
1039,1039,15h 38m 39.33s,"-29deg 46' 40.6""",2.81398e+07 au
1040,1040,15h 39m 22.64s,"+36deg 38' 08.8""",2.99368e+07 au
1041,1041,15h 39m 45.99s,"-34deg 24' 43.3""",1.54853e+07 au
1042,1042,15h 40m 16.87s,"-23deg 49' 05.3""",2.41245e+07 au
1043,1043,15h 41m 10.99s,"-44deg 39' 46.9""",3.61298e+06 au
1044,1044,15h 41m 32.95s,"+19deg 40' 12.4""",1.21547e+07 au
1045,1045,15h 41m 56.74s,"-19deg 40' 46.4""",2.52775e+07 au
1046,1046,15h 42m 40.97s,"-34deg 42' 38.2""",2.50321e+07 au
1047,1047,15h 42m 44.36s,"+26deg 17' 45.6""",9.17548e+06 au
1048,1048,15h 44m 03.68s,"+77deg 47' 40.1""",2.37632e+07 au
1049,1049,15h 44m 16.30s,"+06deg 25' 33.4""",4.631e+06 au
1050,1050,15h 46m 11.37s,"+15deg 25' 17.5""",9.67925e+06 au
1051,1051,15h 46m 26.24s,"+07deg 21' 09.4""",2.42436e+06 au
1052,1052,15h 48m 44.29s,"+18deg 08' 27.4""",2.20368e+07 au
1053,1053,15h 49m 35.50s,"+26deg 04' 04.6""",1.0465e+07 au
1054,1054,15h 49m 37.05s,"-03deg 25' 49.4""",9.85028e+06 au
1055,1055,15h 50m 49.18s,"+04deg 28' 41.4""",4.44632e+06 au
1056,1056,15h 50m 57.53s,"-33deg 37' 38.4""",1.30053e+07 au
1057,1057,15h 50m 58.72s,"-25deg 45' 05.3""",3.30024e+07 au
1058,1058,15h 51m 13.92s,"+35deg 39' 18.0""",6.4197e+06 au
1059,1059,15h 51m 15.81s,"+20deg 58' 41.0""",2.49715e+07 au
1060,1060,15h 52m 41.52s,"+42deg 27' 21.1""",3.26989e+06 au
1061,1061,15h 53m 36.69s,"-25deg 19' 38.3""",2.74288e+07 au
1062,1062,15h 53m 49.71s,"-16deg 43' 42.1""",1.03029e+07 au
1063,1063,15h 55m 07.87s,"-63deg 26' 00.6""",2.53896e+06 au
1064,1064,15h 56m 27.72s,"+15deg 39' 10.1""",2.29387e+06 au
1065,1065,15h 56m 53.05s,"-29deg 12' 51.3""",2.58802e+07 au
1066,1066,15h 57m 35.11s,"+26deg 52' 38.9""",1.45257e+07 au
1067,1067,15h 57m 47.01s,"+54deg 45' 01.8""",6.97548e+06 au
1068,1068,15h 58m 11.35s,"-14deg 16' 46.1""",3.24316e+07 au
1069,1069,15h 58m 51.09s,"-26deg 06' 51.4""",2.90514e+07 au
1070,1070,15h 59m 30.18s,"-41deg 44' 40.4""",2.40122e+07 au
1071,1071,16h 00m 07.29s,"-38deg 23' 48.8""",3.1205e+07 au
1072,1072,16h 00m 19.99s,"-22deg 37' 19.1""",2.54021e+07 au
1073,1073,16h 01m 26.49s,"+29deg 51' 03.7""",2.22029e+07 au
1074,1074,16h 01m 52.33s,"+58deg 34' 03.2""",4.31607e+06 au
1075,1075,16h 02m 17.70s,"+22deg 48' 16.6""",1.11979e+07 au
1076,1076,16h 02m 48.03s,"+46deg 02' 10.6""",2.37632e+07 au
1077,1077,16h 03m 13.00s,"-49deg 13' 46.6""",1.37785e+07 au
1078,1078,16h 03m 20.50s,"-25deg 51' 55.8""",1.34025e+07 au
1079,1079,16h 03m 24.15s,"-38deg 36' 09.9""",3.33223e+07 au
1080,1080,16h 03m 31.73s,"-57deg 46' 32.2""",8.86779e+06 au
1081,1081,16h 05m 26.22s,"-19deg 48' 20.2""",3.3539e+07 au
1082,1082,16h 05m 26.49s,"-19deg 48' 06.9""",7.16197e+07 au
1083,1083,16h 06m 29.48s,"-45deg 10' 22.5""",7.8101e+06 au
1084,1084,16h 06m 35.51s,"-36deg 48' 09.0""",2.59779e+07 au
1085,1085,16h 06m 48.41s,"-20deg 40' 09.7""",2.67876e+07 au
1086,1086,16h 07m 24.40s,"-20deg 52' 08.7""",1.67423e+07 au
1087,1087,16h 08m 04.47s,"+17deg 02' 49.0""",2.45553e+07 au
1088,1088,16h 08m 46.12s,"+44deg 56' 06.5""",1.44544e+07 au
1089,1089,16h 08m 58.22s,"+36deg 29' 35.9""",7.15204e+06 au
1090,1090,16h 11m 59.72s,"-19deg 27' 39.2""",2.76124e+07 au
1091,1091,16h 11m 59.95s,"-10deg 03' 52.0""",1.04227e+07 au
1092,1092,16h 12m 18.19s,"-27deg 55' 35.5""",2.95932e+07 au
1093,1093,16h 13m 28.71s,"-54deg 37' 50.2""",2.76866e+07 au
1094,1094,16h 14m 20.66s,"-03deg 41' 43.1""",1.07654e+07 au
1095,1095,16h 15m 26.28s,"-63deg 41' 08.8""",3.92885e+07 au
1096,1096,16h 17m 00.93s,"-50deg 04' 05.3""",9.08656e+07 au
1097,1097,16h 17m 29.68s,"+75deg 45' 25.6""",6.15348e+06 au
1098,1098,16h 18m 17.83s,"-28deg 36' 53.0""",8.87924e+06 au
1099,1099,16h 18m 19.43s,"-04deg 41' 32.0""",6.79844e+06 au
1100,1100,16h 19m 44.41s,"+46deg 18' 49.1""",1.98905e+07 au
1101,1101,16h 19m 50.01s,"-50deg 09' 21.1""",8.06352e+06 au
1102,1102,16h 20m 20.72s,"-78deg 41' 45.6""",4.8419e+07 au
1103,1103,16h 20m 38.17s,"-24deg 10' 09.9""",7.44638e+07 au
1104,1104,16h 21m 11.30s,"-25deg 35' 34.5""",4.6456e+07 au
1105,1105,16h 21m 55.13s,"+19deg 09' 12.4""",1.23586e+07 au
1106,1106,16h 22m 04.09s,"+01deg 01' 45.7""",5.64182e+06 au
1107,1107,16h 22m 05.64s,"+30deg 53' 33.9""",1.1614e+07 au
1108,1108,16h 23m 59.43s,"+61deg 30' 52.6""",5.54774e+06 au
1109,1109,16h 24m 06.15s,"-20deg 02' 15.6""",1.1259e+07 au
1110,1110,16h 25m 25.02s,"+14deg 01' 58.3""",1.48713e+07 au
1111,1111,16h 25m 35.11s,"-23deg 26' 50.5""",2.49413e+07 au
1112,1112,16h 27m 01.43s,"-18deg 27' 23.1""",3.09243e+07 au
1113,1113,16h 27m 11.00s,"-47deg 33' 17.7""",2.52775e+07 au
1114,1114,16h 27m 48.08s,"-08deg 22' 18.5""",7.73396e+06 au
1115,1115,16h 27m 58.90s,"+68deg 46' 06.1""",3.1064e+07 au
1116,1116,16h 28m 29.11s,"-70deg 05' 01.1""",2.49685e+06 au
1117,1117,16h 28m 38.61s,"+41deg 52' 53.9""",2.28422e+07 au
1118,1118,16h 29m 24.44s,"-26deg 25' 55.8""",3.81972e+07 au
1119,1119,16h 30m 12.47s,"-25deg 06' 55.5""",2.48512e+07 au
1120,1120,16h 30m 13.03s,"+21deg 29' 22.2""",9.34594e+06 au
1121,1121,16h 30m 54.77s,"+01deg 59' 00.3""",1.05076e+07 au
1122,1122,16h 31m 08.29s,"-16deg 36' 46.8""",1.32817e+07 au
1123,1123,16h 31m 22.91s,"-34deg 42' 16.2""",4.72002e+07 au
1124,1124,16h 32m 08.24s,"-21deg 27' 58.1""",1.10538e+07 au
1125,1125,16h 32m 35.99s,"+11deg 29' 15.0""",2.00452e+07 au
1126,1126,16h 33m 26.01s,"-78deg 53' 51.7""",1.00912e+07 au
1127,1127,16h 34m 05.02s,"-44deg 02' 43.2""",2.94664e+08 au
1128,1128,16h 34m 06.16s,"+42deg 26' 14.8""",1.91163e+07 au
1129,1129,16h 35m 52.94s,"-28deg 12' 58.2""",2.71759e+07 au
1130,1130,16h 36m 22.50s,"-35deg 15' 18.9""",2.1419e+07 au
1131,1131,16h 37m 09.56s,"-10deg 34' 00.9""",2.89698e+07 au
1132,1132,16h 38m 44.72s,"+48deg 55' 42.7""",2.37906e+07 au
1133,1133,16h 40m 55.12s,"+64deg 35' 20.2""",4.30615e+07 au
1134,1134,16h 41m 16.26s,"+31deg 36' 18.4""",2.22676e+06 au
1135,1135,16h 41m 34.35s,"-17deg 44' 31.8""",2.4732e+07 au
1136,1136,16h 42m 53.84s,"+38deg 55' 18.0""",7.0857e+06 au
1137,1137,16h 43m 02.50s,"-77deg 31' 11.6""",9.9693e+06 au
1138,1138,16h 45m 17.90s,"+56deg 46' 56.4""",5.51363e+06 au
1139,1139,16h 45m 58.48s,"+82deg 02' 14.3""",2.19197e+07 au
1140,1140,16h 48m 39.98s,"-69deg 01' 40.6""",2.62758e+07 au
1141,1141,16h 49m 14.27s,"+45deg 58' 58.7""",1.10776e+07 au
1142,1142,16h 49m 47.28s,"-59deg 02' 29.6""",1.98141e+07 au
1143,1143,16h 49m 50.19s,"-10deg 47' 00.8""",7.62814e+06 au
1144,1144,16h 50m 08.59s,"-34deg 17' 42.0""",4.13771e+06 au
1145,1145,16h 51m 52.21s,"-38deg 02' 51.1""",5.19559e+07 au
1146,1146,16h 52m 20.12s,"-38deg 01' 03.7""",3.26886e+07 au
1147,1147,16h 53m 59.73s,"-42deg 21' 43.3""",2.06265e+14 au
1148,1148,16h 54m 00.38s,"+10deg 09' 54.4""",1.4786e+07 au
1149,1149,16h 54m 34.72s,"-42deg 21' 46.4""",9.51845e+06 au
1150,1150,16h 56m 02.62s,"+65deg 08' 06.5""",3.11202e+06 au
1151,1151,16h 57m 39.61s,"+09deg 22' 29.9""",5.42945e+06 au
1152,1152,16h 58m 37.16s,"-55deg 59' 25.4""",3.63142e+07 au
1153,1153,16h 59m 35.05s,"-53deg 09' 37.0""",1.92411e+07 au
1154,1154,17h 00m 17.28s,"+30deg 55' 35.7""",1.02927e+07 au
1155,1155,17h 01m 03.54s,"-04deg 13' 23.4""",2.54334e+07 au
1156,1156,17h 03m 07.92s,"+14deg 05' 29.4""",2.58802e+07 au
1157,1157,17h 04m 49.36s,"-34deg 07' 22.6""",1.6907e+08 au
1158,1158,17h 05m 19.93s,"+54deg 28' 14.0""",5.5627e+06 au
1159,1159,17h 05m 22.78s,"+12deg 44' 26.7""",9.09457e+06 au
1160,1160,17h 08m 47.11s,"+65deg 42' 53.3""",2.14859e+07 au
1161,1161,17h 10m 22.76s,"-15deg 43' 27.3""",5.32022e+06 au
1162,1162,17h 12m 09.24s,"-43deg 14' 28.2""",4.52732e+06 au
1163,1163,17h 14m 38.85s,"+14deg 23' 26.0""",2.41811e+07 au
1164,1164,17h 15m 01.87s,"+24deg 50' 17.2""",4.96426e+06 au
1165,1165,17h 15m 02.78s,"+36deg 48' 33.0""",2.32019e+07 au
1166,1166,17h 15m 20.10s,"-26deg 36' 38.5""",1.23453e+06 au
1167,1167,17h 16m 36.63s,"-00deg 26' 44.7""",1.37785e+07 au
1168,1168,17h 17m 19.56s,"+33deg 06' 00.2""",5.47122e+07 au
1169,1169,17h 17m 40.17s,"+37deg 17' 31.0""",1.12467e+07 au
1170,1170,17h 20m 49.73s,"-12deg 50' 48.7""",1.2234e+07 au
1171,1171,17h 21m 00.84s,"-21deg 06' 51.6""",3.58846e+06 au
1172,1172,17h 21m 59.32s,"-67deg 46' 14.6""",1.97194e+07 au
1173,1173,17h 22m 00.56s,"-24deg 59' 58.9""",3.56243e+07 au
1174,1174,17h 23m 40.86s,"+37deg 08' 45.6""",2.54021e+07 au
1175,1175,17h 25m 17.96s,"-55deg 31' 48.2""",3.81266e+07 au
1176,1176,17h 25m 23.66s,"-56deg 22' 40.2""",7.18693e+07 au
1177,1177,17h 26m 22.21s,"-24deg 10' 34.0""",5.29427e+06 au
1178,1178,17h 26m 30.88s,"+04deg 08' 25.5""",7.4196e+07 au
1179,1179,17h 26m 37.73s,"-05deg 05' 12.8""",6.19786e+06 au
1180,1180,17h 27m 21.30s,"-29deg 52' 04.7""",7.04938e+06 au
1181,1181,17h 30m 25.92s,"+52deg 18' 05.3""",2.28675e+07 au
1182,1182,17h 30m 44.34s,"+26deg 06' 38.7""",2.3228e+07 au
1183,1183,17h 30m 45.83s,"-37deg 17' 45.6""",3.27925e+07 au
1184,1184,17h 31m 05.73s,"-60deg 41' 04.3""",1.18407e+07 au
1185,1185,17h 31m 24.96s,"-23deg 57' 46.2""",2.69627e+07 au
1186,1186,17h 31m 50.41s,"-49deg 52' 35.8""",1.53243e+07 au
1187,1187,17h 32m 11.00s,"+55deg 11' 04.6""",6.25803e+06 au
1188,1188,17h 32m 13.29s,"+86deg 35' 12.6""",1.15555e+07 au
1189,1189,17h 32m 16.44s,"+55deg 10' 24.2""",6.31939e+06 au
1190,1190,17h 33m 36.50s,"-37deg 06' 14.5""",4.44536e+07 au
1191,1191,17h 34m 56.26s,"+12deg 33' 30.6""",2.95339e+06 au
1192,1192,17h 35m 39.53s,"-46deg 30' 21.4""",2.43812e+07 au
1193,1193,17h 36m 32.79s,"-38deg 38' 11.6""",9.11064e+06 au
1194,1194,17h 36m 57.10s,"+68deg 45' 36.6""",4.83962e+06 au
1195,1195,17h 37m 19.14s,"-42deg 59' 52.2""",1.72031e+07 au
1196,1196,17h 37m 35.13s,"-15deg 23' 56.3""",6.66876e+06 au
1197,1197,17h 37m 50.69s,"-08deg 07' 08.1""",3.47247e+07 au
1198,1198,17h 39m 27.87s,"+46deg 00' 22.9""",3.13472e+07 au
1199,1199,17h 40m 24.09s,"-49deg 25' 00.5""",4.51148e+06 au
1200,1200,17h 41m 24.75s,"-12deg 52' 32.5""",1.06267e+07 au
1201,1201,17h 41m 56.50s,"+72deg 08' 49.2""",4.54528e+06 au
1202,1202,17h 42m 29.26s,"-39deg 01' 48.6""",2.93407e+07 au
1203,1203,17h 43m 25.62s,"-21deg 41' 00.6""",3.61868e+06 au
1204,1204,17h 43m 28.29s,"+04deg 34' 06.2""",5.18514e+06 au
1205,1205,17h 45m 43.94s,"-64deg 43' 27.3""",2.34658e+07 au
1206,1206,17h 46m 26.98s,"+27deg 42' 55.9""",1.73259e+06 au
1207,1207,17h 47m 33.62s,"-27deg 49' 51.1""",6.80742e+07 au
1208,1208,17h 47m 35.08s,"-40deg 07' 37.3""",1.13332e+08 au
1209,1209,17h 47m 53.52s,"+02deg 42' 24.3""",5.99259e+06 au
1210,1210,17h 49m 10.48s,"-31deg 42' 11.7""",3.84106e+07 au
1211,1211,17h 49m 51.57s,"-37deg 02' 35.2""",8.02275e+06 au
1212,1212,17h 50m 11.12s,"-40deg 05' 25.6""",2.34392e+08 au
1213,1213,17h 53m 32.01s,"+56deg 52' 23.5""",7.04938e+06 au
1214,1214,17h 56m 15.19s,"+37deg 15' 02.1""",4.23542e+07 au
1215,1215,17h 56m 36.35s,"+51deg 29' 19.5""",9.33325e+06 au
1216,1216,17h 56m 47.42s,"-44deg 20' 32.6""",2.19664e+07 au
1217,1217,17h 57m 46.04s,"+29deg 14' 51.9""",8.55161e+06 au
1218,1218,17h 57m 47.80s,"-41deg 42' 59.0""",3.46082e+07 au
1219,1219,17h 58m 30.15s,"+30deg 11' 21.5""",5.03085e+07 au
1220,1220,17h 59m 01.57s,"-09deg 46' 28.0""",9.66112e+06 au
1221,1221,17h 59m 05.29s,"-30deg 15' 11.1""",5.91017e+07 au
1222,1222,17h 59m 47.54s,"-23deg 48' 59.3""",2.76124e+07 au
1223,1223,18h 00m 03.40s,"+16deg 45' 03.0""",4.1502e+07 au
1224,1224,18h 00m 15.80s,"+04deg 22' 06.7""",4.27935e+07 au
1225,1225,18h 00m 29.27s,"-03deg 41' 26.1""",4.78462e+06 au
1226,1226,18h 00m 38.72s,"+02deg 55' 53.4""",8.96804e+07 au
1227,1227,18h 01m 30.42s,"+21deg 35' 45.8""",2.9764e+07 au
1228,1228,18h 01m 45.22s,"+01deg 18' 17.9""",1.67559e+07 au
1229,1229,18h 03m 04.94s,"-08deg 10' 50.2""",1.07318e+07 au
1230,1230,18h 05m 01.23s,"-29deg 34' 48.4""",1.31379e+08 au
1231,1231,18h 05m 27.49s,"+02deg 29' 36.5""",1.04905e+06 au
1232,1232,18h 05m 48.38s,"-30deg 25' 31.2""",6.07734e+06 au
1233,1233,18h 06m 01.88s,"+22deg 13' 07.8""",3.89179e+07 au
1234,1234,18h 06m 37.85s,"-50deg 05' 29.5""",6.40574e+07 au
1235,1235,18h 06m 49.91s,"-43deg 25' 33.4""",9.05067e+06 au
1236,1236,18h 07m 18.38s,"+08deg 44' 02.7""",1.50448e+07 au
1237,1237,18h 07m 20.88s,"+09deg 33' 51.8""",5.23515e+06 au
1238,1238,18h 07m 28.74s,"+43deg 27' 41.4""",2.29694e+07 au
1239,1239,18h 07m 32.55s,"+28deg 45' 45.1""",2.19664e+07 au
1240,1240,18h 08m 05.03s,"-28deg 27' 26.3""",2.19899e+07 au
1241,1241,18h 08m 34.88s,"-63deg 40' 11.9""",8.75859e+06 au
1242,1242,18h 08m 45.49s,"+20deg 48' 52.3""",9.63854e+07 au
1243,1243,18h 11m 13.72s,"-45deg 57' 16.8""",2.58477e+07 au
1244,1244,18h 11m 43.35s,"-23deg 42' 05.1""",1.54505e+07 au
1245,1245,18h 11m 54.13s,"+31deg 24' 19.9""",3.80562e+07 au
1246,1246,18h 13m 45.81s,"-21deg 03' 31.8""",1.87513e+09 au
1247,1247,18h 13m 55.18s,"+64deg 23' 51.1""",4.84645e+06 au
1248,1248,18h 17m 37.37s,"-36deg 45' 46.2""",9.4314e+06 au
1249,1249,18h 18m 03.20s,"-27deg 02' 33.6""",4.42628e+07 au
1250,1250,18h 19m 51.68s,"+36deg 03' 53.4""",1.50448e+07 au
1251,1251,18h 20m 17.95s,"+21deg 57' 39.2""",2.69275e+07 au
1252,1252,18h 20m 45.40s,"+71deg 20' 17.0""",1.82859e+07 au
1253,1253,18h 20m 52.07s,"+03deg 22' 38.0""",1.70326e+07 au
1254,1254,18h 20m 59.70s,"-29deg 49' 41.8""",1.93313e+07 au
1255,1255,18h 21m 06.34s,"+72deg 43' 49.5""",1.66195e+06 au
1256,1256,18h 21m 17.70s,"-02deg 54' 13.1""",3.90579e+06 au
1257,1257,18h 23m 13.62s,"-61deg 29' 38.0""",2.65805e+07 au
1258,1258,18h 23m 39.67s,"-08deg 56' 02.5""",1.20764e+07 au
1259,1259,18h 23m 42.24s,"+21deg 46' 05.1""",8.12066e+06 au
1260,1260,18h 23m 54.49s,"+58deg 48' 04.2""",1.19159e+07 au
1261,1261,18h 24m 10.24s,"-34deg 23' 07.7""",9.147e+06 au
1262,1262,18h 25m 21.06s,"-20deg 32' 30.8""",3.77774e+07 au
1263,1263,18h 25m 59.56s,"+65deg 33' 47.9""",2.00647e+07 au
1264,1264,18h 26m 58.38s,"-45deg 58' 07.8""",1.57695e+07 au
1265,1265,18h 27m 58.16s,"-25deg 25' 22.7""",4.88779e+06 au
1266,1266,18h 28m 50.21s,"-49deg 04' 19.8""",8.05722e+06 au
1267,1267,18h 29m 11.86s,"-14deg 33' 57.0""",1.8433e+07 au
1268,1268,18h 31m 22.42s,"-62deg 16' 43.0""",3.02885e+07 au
1269,1269,18h 31m 45.42s,"-45deg 54' 54.0""",5.03085e+07 au
1270,1270,18h 32m 34.52s,"+57deg 02' 44.0""",1.82535e+08 au
1271,1271,18h 33m 30.26s,"-42deg 18' 45.6""",5.48577e+07 au
1272,1272,18h 35m 12.40s,"-08deg 14' 46.5""",1.10184e+07 au
1273,1273,18h 36m 56.76s,"+38deg 47' 08.4""",1.59982e+06 au
1274,1274,18h 42m 16.44s,"-09deg 03' 09.1""",1.18271e+07 au
1275,1275,18h 43m 02.14s,"-71deg 25' 45.1""",1.32646e+07 au
1276,1276,18h 43m 31.29s,"-08deg 16' 30.5""",3.30553e+07 au
1277,1277,18h 44m 19.36s,"-35deg 38' 31.8""",2.8529e+07 au
1278,1278,18h 44m 20.37s,"+39deg 40' 13.9""",1.02619e+07 au
1279,1279,18h 44m 22.79s,"+39deg 36' 47.1""",1.01408e+07 au
1280,1280,18h 44m 46.42s,"+37deg 36' 19.1""",9.71572e+06 au
1281,1281,18h 45m 27.03s,"-64deg 52' 20.2""",6.02937e+06 au
1282,1282,18h 45m 39.48s,"-26deg 59' 26.8""",1.45873e+07 au
1283,1283,18h 45m 39.71s,"+20deg 32' 38.4""",3.93861e+06 au
1284,1284,18h 46m 04.51s,"+26deg 39' 44.3""",1.59155e+07 au
1285,1285,18h 47m 01.42s,"+18deg 10' 56.4""",5.86479e+06 au
1286,1286,18h 47m 10.46s,"-04deg 44' 52.7""",4.36078e+07 au
1287,1287,18h 50m 04.80s,"+33deg 21' 45.5""",5.57472e+07 au
1288,1288,18h 51m 12.35s,"+59deg 23' 18.7""",2.03819e+07 au
1289,1289,18h 52m 13.03s,"-62deg 11' 15.7""",1.14592e+08 au
1290,1290,18h 53m 13.56s,"+50deg 42' 28.9""",2.13304e+07 au
1291,1291,18h 54m 10.18s,"-22deg 44' 41.5""",1.17196e+08 au
1292,1292,18h 54m 24.10s,"+71deg 17' 50.9""",2.17809e+07 au
1293,1293,18h 54m 30.27s,"+36deg 53' 55.1""",5.68223e+07 au
1294,1294,18h 54m 44.90s,"+22deg 38' 42.3""",3.07399e+07 au
1295,1295,18h 55m 07.34s,"-22deg 40' 17.5""",1.7089e+07 au
1296,1296,18h 55m 15.95s,"-26deg 17' 49.5""",1.4186e+07 au
1297,1297,18h 55m 20.15s,"+43deg 56' 47.9""",2.21077e+07 au
1298,1298,18h 56m 13.24s,"+04deg 12' 13.6""",8.34067e+06 au
1299,1299,18h 56m 14.73s,"+04deg 12' 08.4""",9.03086e+06 au
1300,1300,18h 56m 57.00s,"-67deg 14' 00.2""",3.43775e+07 au
1301,1301,18h 57m 03.77s,"-05deg 50' 47.7""",1.30796e+07 au
1302,1302,18h 57m 43.86s,"-21deg 06' 24.3""",2.35462e+07 au
1303,1303,18h 58m 27.80s,"-52deg 56' 19.3""",3.35936e+07 au
1304,1304,18h 58m 43.10s,"-37deg 06' 29.2""",6.17005e+06 au
1305,1305,18h 58m 56.62s,"+32deg 41' 22.5""",4.01293e+07 au
1306,1306,18h 59m 37.27s,"+15deg 04' 04.0""",9.7203e+06 au
1307,1307,19h 00m 00.84s,"+32deg 08' 44.1""",9.72947e+07 au
1308,1308,19h 01m 26.40s,"+46deg 56' 03.2""",8.07615e+06 au
1309,1309,19h 01m 40.79s,"-05deg 44' 21.8""",9.39703e+06 au
1310,1310,19h 02m 36.69s,"-29deg 52' 48.3""",5.63411e+06 au
1311,1311,19h 03m 07.00s,"-42deg 05' 43.5""",1.16206e+07 au
1312,1312,19h 04m 41.12s,"-21deg 44' 30.8""",8.78096e+06 au
1313,1313,19h 05m 24.60s,"+13deg 51' 46.2""",5.26454e+06 au
1314,1314,19h 06m 14.91s,"-04deg 52' 59.4""",7.91803e+06 au
1315,1315,19h 06m 25.31s,"-37deg 03' 55.3""",3.69055e+06 au
1316,1316,19h 06m 56.31s,"-27deg 40' 19.7""",7.61406e+06 au
1317,1317,19h 08m 21.07s,"-40deg 29' 48.8""",1.10479e+07 au
1318,1318,19h 09m 28.52s,"-37deg 54' 18.5""",8.20138e+06 au
1319,1319,19h 09m 45.83s,"-21deg 01' 25.9""",2.7836e+07 au
1320,1320,19h 10m 01.77s,"-39deg 20' 27.8""",3.21285e+07 au
1321,1321,19h 12m 33.71s,"+67deg 39' 43.8""",6.33881e+06 au
1322,1322,19h 13m 45.48s,"+39deg 08' 45.5""",6.58993e+07 au
1323,1323,19h 13m 55.09s,"+57deg 42' 16.8""",1.02415e+07 au
1324,1324,19h 15m 32.51s,"-25deg 15' 24.8""",2.08559e+07 au
1325,1325,19h 15m 32.38s,"+73deg 21' 22.3""",9.49217e+06 au
1326,1326,19h 16m 13.04s,"+21deg 23' 25.4""",5.76159e+07 au
1327,1327,19h 16m 22.09s,"+38deg 08' 01.5""",4.86474e+07 au
1328,1328,19h 17m 06.34s,"+53deg 22' 09.5""",7.78946e+06 au
1329,1329,19h 17m 38.06s,"-18deg 57' 10.7""",3.38694e+07 au
1330,1330,19h 20m 33.09s,"-05deg 24' 55.6""",9.74326e+06 au
1331,1331,19h 20m 40.15s,"+65deg 42' 53.3""",1.42056e+07 au
1332,1332,19h 21m 40.31s,"-17deg 50' 49.4""",7.69932e+06 au
1333,1333,19h 21m 43.63s,"-15deg 57' 18.2""",1.05777e+08 au
1334,1334,19h 22m 38.31s,"-44deg 27' 32.8""",2.39286e+07 au
1335,1335,19h 23m 13.35s,"-44deg 48' 00.5""",8.76976e+06 au
1336,1336,19h 23m 53.25s,"-40deg 37' 00.4""",1.0743e+07 au
1337,1337,19h 24m 07.60s,"+29deg 37' 17.1""",4.8994e+07 au
1338,1338,19h 25m 30.32s,"+03deg 06' 55.2""",3.17087e+06 au
1339,1339,19h 26m 31.09s,"+00deg 20' 18.8""",7.3666e+08 au
1340,1340,19h 28m 42.10s,"+24deg 39' 51.0""",1.87513e+07 au
1341,1341,19h 29m 42.41s,"+51deg 43' 50.4""",7.74558e+06 au
1342,1342,19h 30m 43.27s,"+27deg 57' 34.7""",2.43812e+07 au
1343,1343,19h 31m 46.32s,"+34deg 27' 10.6""",3.96663e+07 au
1344,1344,19h 32m 24.43s,"+69deg 38' 57.2""",1.18946e+06 au
1345,1345,19h 34m 05.71s,"+07deg 22' 40.3""",6.99203e+06 au
1346,1346,19h 34m 34.92s,"+19deg 46' 24.3""",3.84822e+07 au
1347,1347,19h 35m 12.97s,"-48deg 05' 58.1""",2.5185e+07 au
1348,1348,19h 36m 26.51s,"+50deg 13' 22.5""",3.83534e+06 au
1349,1349,19h 36m 42.56s,"-24deg 53' 01.6""",1.19643e+07 au
1350,1350,19h 36m 43.28s,"-01deg 17' 12.3""",1.94406e+07 au
1351,1351,19h 36m 53.45s,"-07deg 01' 39.0""",9.20825e+07 au
1352,1352,19h 39m 22.61s,"+30deg 09' 12.8""",1.58665e+07 au
1353,1353,19h 40m 05.82s,"+18deg 00' 49.5""",2.99368e+07 au
1354,1354,19h 41m 02.95s,"+17deg 28' 32.9""",2.95086e+07 au
1355,1355,19h 44m 16.76s,"+37deg 21' 16.5""",1.76295e+07 au
1356,1356,19h 44m 58.58s,"+45deg 07' 52.1""",1.08162e+07 au
1357,1357,19h 46m 15.61s,"+10deg 36' 47.7""",2.91334e+07 au
1358,1358,19h 46m 21.51s,"-19deg 45' 42.2""",1.29563e+07 au
1359,1359,19h 46m 25.65s,"+33deg 43' 28.2""",4.30256e+06 au
1360,1360,19h 47m 23.25s,"+18deg 32' 03.7""",2.83331e+07 au
1361,1361,19h 48m 10.74s,"+70deg 16' 05.5""",9.20825e+06 au
1362,1362,19h 50m 47.90s,"+08deg 52' 15.5""",1.06081e+06 au
1363,1363,19h 51m 04.15s,"+22deg 36' 35.8""",3.91394e+07 au
1364,1364,19h 52m 28.38s,"+01deg 00' 20.2""",7.4196e+07 au
1365,1365,19h 53m 27.74s,"+24deg 04' 47.5""",2.27164e+07 au
1366,1366,19h 54m 15.05s,"+08deg 27' 39.2""",1.29239e+07 au
1367,1367,19h 55m 15.75s,"-41deg 52' 04.6""",1.19643e+07 au
1368,1368,19h 55m 18.87s,"+06deg 24' 12.4""",2.82748e+06 au
1369,1369,19h 55m 37.69s,"+52deg 26' 19.4""",1.82535e+07 au
1370,1370,19h 55m 50.73s,"-26deg 17' 56.4""",4.90756e+06 au
1371,1371,19h 55m 51.77s,"+38deg 29' 12.2""",7.61125e+07 au
1372,1372,19h 55m 55.35s,"+58deg 50' 45.0""",5.81028e+07 au
1373,1373,19h 56m 18.30s,"+35deg 04' 59.6""",8.81474e+06 au
1374,1374,19h 56m 56.85s,"-27deg 10' 12.0""",7.63944e+07 au
1375,1375,19h 58m 45.54s,"+19deg 29' 32.3""",1.73332e+07 au
1376,1376,19h 58m 57.26s,"-26deg 11' 44.1""",2.15308e+07 au
1377,1377,19h 59m 44.19s,"-35deg 16' 35.3""",3.90653e+07 au
1378,1378,20h 00m 36.01s,"-72deg 54' 41.1""",6.71216e+06 au
1379,1379,20h 01m 06.16s,"+27deg 45' 13.0""",1.40603e+07 au
1380,1380,20h 01m 44.81s,"-59deg 22' 33.9""",2.74288e+07 au
1381,1381,20h 02m 39.54s,"-27deg 42' 35.1""",2.83331e+07 au
1382,1382,20h 02m 49.14s,"+67deg 52' 26.0""",2.57188e+07 au
1383,1383,20h 03m 33.59s,"-37deg 56' 28.6""",2.5623e+07 au
1384,1384,20h 04m 19.68s,"-32deg 03' 22.9""",2.05239e+07 au
1385,1385,20h 07m 23.12s,"-52deg 52' 50.7""",7.93326e+07 au
1386,1386,20h 08m 48.56s,"-66deg 11' 23.4""",1.25979e+06 au
1387,1387,20h 08m 53.43s,"+77deg 42' 41.7""",2.06885e+07 au
1388,1388,20h 09m 25.63s,"+36deg 50' 23.0""",5.44234e+07 au
1389,1389,20h 11m 18.34s,"-00deg 49' 17.1""",1.81571e+07 au
1390,1390,20h 13m 18.09s,"+46deg 48' 56.5""",4.53329e+07 au
1391,1391,20h 13m 24.05s,"+56deg 34' 05.8""",9.63404e+06 au
1392,1392,20h 13m 37.92s,"+46deg 44' 28.8""",8.55871e+07 au
1393,1393,20h 14m 16.71s,"+15deg 11' 52.8""",9.71115e+06 au
1394,1394,20h 14m 32.18s,"+36deg 48' 24.4""",8.46388e+06 au
1395,1395,20h 15m 15.91s,"+25deg 35' 30.9""",7.58326e+07 au
1396,1396,20h 15m 28.33s,"+47deg 42' 51.2""",7.01581e+07 au
1397,1397,20h 15m 46.07s,"+27deg 48' 51.4""",2.0751e+07 au
1398,1398,20h 17m 38.91s,"-12deg 30' 29.5""",4.34242e+07 au
1399,1399,20h 17m 47.19s,"+38deg 01' 58.4""",3.96663e+08 au
1400,1400,20h 18m 03.36s,"-12deg 32' 41.4""",6.8732e+06 au
1401,1401,20h 20m 39.84s,"-12deg 45' 33.0""",1.72174e+07 au
1402,1402,20h 21m 00.76s,"-14deg 46' 52.6""",2.17579e+07 au
1403,1403,20h 22m 13.71s,"+40deg 15' 24.0""",9.63854e+07 au
1404,1404,20h 23m 51.69s,"+32deg 11' 24.5""",1.61523e+07 au
1405,1405,20h 25m 38.88s,"-56deg 44' 08.5""",1.15879e+07 au
1406,1406,20h 28m 51.59s,"-17deg 48' 49.5""",6.24288e+06 au
1407,1407,20h 29m 23.75s,"+30deg 22' 06.8""",4.79686e+07 au
1408,1408,20h 29m 35.05s,"+62deg 59' 38.4""",8.58007e+06 au
1409,1409,20h 29m 39.12s,"-02deg 53' 08.5""",1.20764e+07 au
1410,1410,20h 30m 03.57s,"+48deg 57' 05.8""",5.50039e+07 au
1411,1411,20h 33m 12.79s,"+11deg 18' 11.0""",2.26914e+07 au
1412,1412,20h 33m 54.18s,"+35deg 15' 02.9""",5.87649e+07 au
1413,1413,20h 35m 18.61s,"+14deg 40' 27.5""",1.43638e+07 au
1414,1414,20h 35m 35.09s,"-60deg 34' 58.9""",5.68693e+06 au
1415,1415,20h 36m 43.65s,"-02deg 33' 00.2""",1.39368e+08 au
1416,1416,20h 37m 33.14s,"+14deg 35' 41.1""",6.159e+06 au
1417,1417,20h 37m 34.15s,"-47deg 17' 27.8""",6.40375e+06 au
1418,1418,20h 37m 35.52s,"-61deg 31' 49.5""",1.2329e+07 au
1419,1419,20h 38m 20.31s,"-01deg 06' 18.9""",2.42664e+07 au
1420,1420,20h 38m 31.47s,"+21deg 12' 04.2""",1.35078e+07 au
1421,1421,20h 39m 38.38s,"+15deg 54' 43.7""",1.52225e+07 au
1422,1422,20h 41m 25.92s,"+45deg 16' 49.3""",2.04223e+08 au
1423,1423,20h 43m 27.50s,"+15deg 04' 27.5""",1.28674e+07 au
1424,1424,20h 44m 02.75s,"-51deg 55' 16.8""",4.98465e+06 au
1425,1425,20h 44m 52.45s,"+25deg 16' 09.8""",2.30721e+07 au
1426,1426,20h 44m 57.32s,"-66deg 12' 11.3""",8.69949e+06 au
1427,1427,20h 45m 17.68s,"+61deg 50' 39.9""",2.95805e+06 au
1428,1428,20h 45m 20.93s,"+57deg 34' 41.2""",5.59438e+06 au
1429,1429,20h 45m 39.74s,"+30deg 43' 11.6""",1.30218e+07 au
1430,1430,20h 46m 05.64s,"-25deg 16' 19.1""",3.02619e+06 au
1431,1431,20h 46m 13.39s,"+33deg 58' 21.1""",4.55733e+06 au
1432,1432,20h 46m 39.46s,"+16deg 07' 22.6""",6.4177e+06 au
1433,1433,20h 47m 10.83s,"+34deg 22' 27.0""",2.52157e+07 au
1434,1434,20h 47m 24.57s,"+36deg 29' 26.4""",5.5597e+07 au
1435,1435,20h 47m 40.60s,"-09deg 29' 45.7""",1.45155e+07 au
1436,1436,20h 47m 44.23s,"-05deg 01' 40.7""",2.81398e+07 au
1437,1437,20h 48m 56.28s,"+46deg 06' 50.8""",1.42252e+08 au
1438,1438,20h 49m 29.05s,"-46deg 13' 35.9""",2.55912e+07 au
1439,1439,20h 49m 58.09s,"-33deg 46' 47.5""",2.40682e+07 au
1440,1440,20h 51m 49.28s,"-26deg 55' 08.9""",3.97427e+07 au
1441,1441,20h 52m 07.54s,"+27deg 05' 47.6""",1.36962e+07 au
1442,1442,20h 52m 39.31s,"-08deg 59' 00.8""",9.81746e+06 au
1443,1443,20h 53m 14.78s,"+44deg 23' 14.1""",3.16843e+07 au
1444,1444,20h 54m 48.67s,"-58deg 27' 15.6""",3.81266e+07 au
1445,1445,20h 57m 10.44s,"+41deg 10' 01.1""",2.24934e+07 au
1446,1446,20h 59m 49.57s,"+47deg 31' 15.5""",7.11258e+07 au
1447,1447,21h 01m 17.46s,"-32deg 15' 28.0""",1.41374e+07 au
1448,1448,21h 04m 24.23s,"-19deg 51' 18.6""",9.99345e+06 au
1449,1449,21h 04m 55.88s,"+43deg 55' 40.3""",7.44638e+07 au
1450,1450,21h 05m 56.97s,"-17deg 13' 59.8""",1.0008e+07 au
1451,1451,21h 06m 36.11s,"+47deg 38' 54.2""",6.2128e+07 au
1452,1452,21h 07m 07.62s,"-25deg 00' 22.1""",3.30553e+07 au
1453,1453,21h 09m 35.80s,"-11deg 22' 18.5""",1.03495e+07 au
1454,1454,21h 10m 20.58s,"+10deg 07' 49.9""",7.26796e+06 au
1455,1455,21h 12m 56.20s,"+30deg 13' 35.2""",9.54046e+06 au
1456,1456,21h 14m 28.89s,"+10deg 00' 17.6""",3.81195e+06 au
1457,1457,21h 14m 47.90s,"+38deg 02' 53.3""",4.31516e+06 au
1458,1458,21h 15m 49.53s,"+05deg 14' 49.9""",1.17798e+07 au
1459,1459,21h 17m 24.95s,"+39deg 23' 40.8""",2.86479e+08 au
1460,1460,21h 17m 55.10s,"+34deg 53' 49.0""",5.69792e+07 au
1461,1461,21h 17m 56.39s,"-32deg 10' 21.7""",1.04385e+07 au
1462,1462,21h 18m 35.31s,"+62deg 35' 09.3""",3.08595e+06 au
1463,1463,21h 19m 52.29s,"-53deg 26' 59.6""",6.14249e+06 au
1464,1464,21h 20m 45.81s,"-40deg 48' 33.6""",1.17933e+07 au
1465,1465,21h 22m 05.39s,"+19deg 48' 17.8""",9.73406e+06 au
1466,1466,21h 22m 14.85s,"-16deg 50' 04.2""",1.36328e+07 au
1467,1467,21h 26m 26.93s,"-65deg 21' 38.5""",1.90106e+06 au
1468,1468,21h 26m 40.02s,"-22deg 24' 40.3""",2.5185e+07 au
1469,1469,21h 28m 39.66s,"+70deg 33' 38.8""",3.76396e+07 au
1470,1470,21h 28m 43.64s,"-21deg 48' 26.0""",1.13457e+07 au
1471,1471,21h 29m 56.94s,"+23deg 38' 19.9""",2.79871e+07 au
1472,1472,21h 31m 33.57s,"-05deg 34' 16.4""",3.86988e+07 au
1473,1473,21h 33m 58.79s,"+45deg 35' 28.3""",7.8727e+06 au
1474,1474,21h 34m 46.81s,"+38deg 32' 04.9""",1.6165e+07 au
1475,1475,21h 37m 04.85s,"-19deg 27' 57.6""",4.19237e+07 au
1476,1476,21h 37m 45.30s,"-07deg 51' 15.7""",1.1296e+07 au
1477,1477,21h 37m 55.22s,"+62deg 04' 54.9""",2.86479e+08 au
1478,1478,21h 40m 05.78s,"-16deg 39' 44.9""",8.7847e+06 au
1479,1479,21h 41m 29.14s,"-77deg 23' 30.1""",4.36817e+06 au
1480,1480,21h 41m 55.91s,"+71deg 18' 43.4""",1.11194e+07 au
1481,1481,21h 42m 05.68s,"+51deg 11' 22.6""",1.06322e+08 au
1482,1482,21h 42m 39.76s,"-18deg 51' 59.0""",1.83837e+07 au
1483,1483,21h 43m 30.48s,"+58deg 46' 48.1""",3.32685e+08 au
1484,1484,21h 44m 09.07s,"+28deg 44' 27.5""",4.62063e+06 au
1485,1485,21h 44m 11.21s,"+09deg 52' 30.1""",4.25288e+07 au
1486,1486,21h 44m 30.71s,"+17deg 20' 59.8""",5.69792e+07 au
1487,1487,21h 44m 38.82s,"+25deg 38' 42.5""",7.27822e+06 au
1488,1488,21h 44m 56.87s,"-33deg 01' 35.1""",1.29482e+07 au
1489,1489,21h 45m 26.92s,"+61deg 07' 14.9""",3.22289e+08 au
1490,1490,21h 46m 47.62s,"+49deg 18' 34.4""",7.31435e+07 au
1491,1491,21h 47m 02.90s,"-16deg 07' 45.6""",2.43869e+06 au
1492,1492,21h 53m 55.92s,"-37deg 21' 53.8""",1.28354e+07 au
1493,1493,21h 57m 55.20s,"-54deg 59' 33.4""",1.16864e+07 au
1494,1494,22h 03m 33.60s,"-56deg 48' 12.3""",7.47987e+05 au
1495,1495,22h 03m 18.89s,"-02deg 09' 19.6""",2.40964e+07 au
1496,1496,22h 03m 48.28s,"+64deg 37' 42.9""",6.43171e+06 au
1497,1497,22h 05m 40.92s,"+05deg 03' 33.2""",1.66611e+07 au
1498,1498,22h 05m 47.07s,"-00deg 19' 11.7""",4.79686e+07 au
1499,1499,22h 06m 06.83s,"-39deg 32' 39.2""",1.56261e+07 au
1500,1500,22h 06m 26.30s,"-13deg 52' 12.3""",1.09135e+07 au
1501,1501,22h 07m 01.21s,"+25deg 20' 43.1""",2.42493e+06 au
1502,1502,22h 08m 14.29s,"-46deg 57' 43.2""",6.41371e+06 au
1503,1503,22h 08m 23.17s,"-32deg 59' 19.2""",8.24729e+06 au
1504,1504,22h 08m 25.94s,"-34deg 02' 39.1""",3.33762e+07 au
1505,1505,22h 09m 48.61s,"+72deg 20' 28.4""",2.38732e+07 au
1506,1506,22h 09m 59.22s,"+33deg 10' 41.2""",1.59155e+07 au
1507,1507,22h 10m 09.62s,"-32deg 32' 53.9""",3.86553e+06 au
1508,1508,22h 10m 12.45s,"+06deg 11' 53.1""",6.10793e+06 au
1509,1509,22h 10m 51.32s,"+58deg 12' 04.7""",4.59387e+07 au
1510,1510,22h 13m 52.81s,"+39deg 42' 54.1""",3.56243e+07 au
1511,1511,22h 15m 03.64s,"+57deg 02' 38.1""",5.3079e+06 au
1512,1512,22h 15m 37.02s,"-41deg 20' 47.6""",1.65808e+07 au
1513,1513,22h 15m 58.19s,"+37deg 44' 55.5""",3.96663e+07 au
1514,1514,22h 16m 50.23s,"-07deg 47' 00.4""",1.21047e+07 au
1515,1515,22h 18m 29.86s,"-60deg 15' 35.5""",1.25618e+07 au
1516,1516,22h 21m 01.60s,"+46deg 32' 11.7""",3.22289e+07 au
1517,1517,22h 21m 19.37s,"+28deg 19' 50.0""",3.84106e+07 au
1518,1518,22h 21m 31.09s,"+12deg 12' 18.8""",6.13883e+07 au
1519,1519,22h 21m 39.59s,"-01deg 23' 14.2""",9.97895e+06 au
1520,1520,22h 23m 33.59s,"+52deg 13' 40.0""",1.07374e+07 au
1521,1521,22h 24m 30.98s,"+49deg 28' 34.9""",1.33938e+08 au
1522,1522,22h 25m 16.65s,"+01deg 22' 38.7""",6.96841e+07 au
1523,1523,22h 27m 20.24s,"-64deg 57' 58.6""",1.68931e+07 au
1524,1524,22h 27m 51.65s,"+04deg 41' 36.8""",1.0116e+07 au
1525,1525,22h 28m 50.23s,"-00deg 01' 11.0""",6.54186e+06 au
1526,1526,22h 29m 10.32s,"+58deg 24' 54.8""",6.2128e+07 au
1527,1527,22h 29m 16.23s,"-43deg 29' 44.1""",1.87003e+07 au
1528,1528,22h 29m 31.82s,"+47deg 42' 24.7""",7.3666e+07 au
1529,1529,22h 29m 45.40s,"-43deg 44' 57.2""",2.05443e+07 au
1530,1530,22h 30m 29.26s,"+43deg 07' 24.0""",8.66659e+07 au
1531,1531,22h 30m 38.82s,"-10deg 40' 41.3""",1.67831e+07 au
1532,1532,22h 31m 17.86s,"+50deg 16' 57.4""",6.4741e+06 au
1533,1533,22h 31m 30.45s,"-32deg 20' 46.3""",9.37994e+06 au
1534,1534,22h 33m 00.21s,"-61deg 58' 56.1""",1.72462e+07 au
1535,1535,22h 35m 21.53s,"-00deg 07' 04.4""",1.16075e+07 au
1536,1536,22h 37m 22.28s,"+51deg 32' 39.9""",1.08847e+07 au
1537,1537,22h 39m 15.68s,"+39deg 03' 00.8""",6.69691e+07 au
1538,1538,22h 40m 31.08s,"+44deg 16' 34.9""",1.90809e+07 au
1539,1539,22h 40m 39.38s,"-27deg 02' 37.0""",4.70924e+07 au
1540,1540,22h 41m 27.85s,"+10deg 49' 52.6""",1.31883e+07 au
1541,1541,22h 41m 45.40s,"+29deg 18' 27.0""",1.92771e+07 au
1542,1542,22h 42m 40.38s,"-46deg 53' 04.6""",1.07598e+07 au
1543,1543,22h 43m 00.16s,"+30deg 13' 15.8""",1.35879e+07 au
1544,1544,22h 43m 30.00s,"-41deg 24' 54.0""",1.40221e+07 au
1545,1545,22h 43m 35.18s,"-18deg 49' 50.0""",3.06486e+07 au
1546,1546,22h 45m 37.97s,"-53deg 30' 00.0""",2.49413e+07 au
1547,1547,22h 46m 02.90s,"-81deg 22' 53.8""",8.87924e+06 au
1548,1548,22h 46m 31.98s,"+23deg 33' 56.1""",2.49715e+07 au
1549,1549,22h 46m 41.97s,"+12deg 10' 10.2""",3.35172e+06 au
1550,1550,22h 47m 29.39s,"+83deg 09' 15.0""",2.05035e+07 au
1551,1551,22h 48m 33.58s,"-51deg 19' 02.3""",8.19812e+06 au
1552,1552,22h 49m 35.48s,"-13deg 35' 34.4""",2.40402e+07 au
1553,1553,22h 49m 40.55s,"+66deg 11' 58.4""",7.29624e+06 au
1554,1554,22h 50m 00.45s,"+24deg 36' 04.6""",7.37978e+06 au
1555,1555,22h 52m 02.28s,"+43deg 18' 45.2""",2.06471e+07 au
1556,1556,22h 52m 31.47s,"-32deg 52' 32.4""",1.40603e+07 au
1557,1557,22h 52m 36.91s,"-07deg 34' 45.7""",2.47617e+07 au
1558,1558,22h 54m 26.62s,"+84deg 20' 46.8""",2.47024e+07 au
1559,1559,22h 54m 38.94s,"-15deg 49' 15.6""",1.00912e+07 au
1560,1560,22h 55m 13.81s,"+08deg 48' 58.9""",1.78584e+07 au
1561,1561,22h 55m 56.92s,"-32deg 32' 21.9""",1.07766e+07 au
1562,1562,22h 56m 26.00s,"+49deg 44' 00.7""",1.18543e+08 au
1563,1563,22h 57m 39.67s,"-29deg 37' 24.1""",1.58568e+06 au
1564,1564,23h 00m 52.63s,"-52deg 45' 15.2""",7.11503e+06 au
1565,1565,23h 01m 55.31s,"+42deg 19' 33.5""",4.3793e+07 au
1566,1566,23h 03m 46.81s,"+28deg 05' 01.4""",1.26002e+07 au
1567,1567,23h 03m 52.64s,"+03deg 49' 11.9""",3.11578e+07 au
1568,1568,23h 04m 11.41s,"+50deg 03' 11.7""",1.13332e+07 au
1569,1569,23h 04m 45.76s,"+15deg 12' 17.9""",8.82983e+06 au
1570,1570,23h 06m 36.84s,"+59deg 25' 11.1""",6.99203e+07 au
1571,1571,23h 06m 40.95s,"-23deg 44' 35.2""",1.19091e+07 au
1572,1572,23h 06m 52.62s,"-43deg 31' 13.6""",8.41554e+06 au
1573,1573,23h 07m 00.27s,"+09deg 24' 33.9""",2.03618e+07 au
1574,1574,23h 07m 06.74s,"+25deg 28' 04.9""",3.3981e+07 au
1575,1575,23h 07m 53.89s,"+75deg 23' 14.1""",1.39086e+07 au
1576,1576,23h 09m 26.90s,"-21deg 10' 19.9""",1.47754e+07 au
1577,1577,23h 09m 54.96s,"-22deg 27' 27.6""",3.29496e+07 au
1578,1578,23h 10m 21.85s,"-45deg 14' 48.8""",1.16996e+07 au
1579,1579,23h 12m 33.23s,"+49deg 24' 24.7""",5.05303e+06 au
1580,1580,23h 14m 19.44s,"-06deg 03' 01.3""",1.40507e+07 au
1581,1581,23h 15m 54.11s,"-09deg 05' 16.3""",9.38848e+06 au
1582,1582,23h 16m 50.91s,"-07deg 43' 35.8""",4.05235e+07 au
1583,1583,23h 17m 11.20s,"+03deg 16' 56.7""",8.27708e+06 au
1584,1584,23h 17m 25.66s,"-58deg 14' 06.7""",4.54328e+06 au
1585,1585,23h 17m 44.73s,"+49deg 00' 55.2""",4.14186e+07 au
1586,1586,23h 17m 54.25s,"-09deg 10' 57.3""",2.03618e+07 au
1587,1587,23h 18m 37.74s,"+68deg 06' 41.5""",1.33246e+07 au
1588,1588,23h 18m 49.48s,"-32deg 31' 57.2""",1.13084e+07 au
1589,1589,23h 18m 57.75s,"-09deg 36' 38.9""",1.57454e+07 au
1590,1590,23h 20m 38.30s,"+23deg 44' 25.0""",1.05777e+07 au
1591,1591,23h 22m 58.02s,"-20deg 06' 04.5""",1.02415e+07 au
1592,1592,23h 24m 50.31s,"+62deg 16' 57.8""",4.87624e+07 au
1593,1593,23h 25m 23.13s,"+23deg 24' 15.7""",1.09541e+07 au
1594,1594,23h 26m 02.70s,"-20deg 38' 32.8""",1.95142e+07 au
1595,1595,23h 26m 56.10s,"+01deg 15' 17.9""",1.02517e+07 au
1596,1596,23h 27m 57.89s,"+06deg 22' 43.3""",1.00421e+07 au
1597,1597,23h 29m 09.40s,"+12deg 45' 38.6""",1.12467e+07 au
1598,1598,23h 30m 02.00s,"+58deg 32' 56.2""",3.63783e+07 au
1599,1599,23h 32m 58.46s,"-37deg 49' 04.8""",1.12836e+07 au
1600,1600,23h 33m 16.62s,"-20deg 54' 52.0""",2.02618e+07 au
1601,1601,23h 33m 57.28s,"+31deg 19' 30.5""",3.46664e+07 au
1602,1602,23h 35m 04.66s,"-42deg 36' 54.0""",1.73041e+07 au
1603,1603,23h 37m 34.22s,"+46deg 27' 18.9""",5.32434e+06 au
1604,1604,23h 37m 51.16s,"-45deg 29' 32.8""",1.26854e+07 au
1605,1605,23h 38m 08.26s,"+43deg 16' 05.0""",3.17819e+07 au
1606,1606,23h 39m 20.47s,"+77deg 37' 59.3""",2.84503e+06 au
1607,1607,23h 39m 47.16s,"-14deg 13' 21.2""",8.46041e+06 au
1608,1608,23h 39m 57.67s,"+05deg 37' 23.8""",2.84464e+06 au
1609,1609,23h 40m 24.70s,"+44deg 20' 01.7""",1.07318e+07 au
1610,1610,23h 41m 45.83s,"-17deg 48' 59.5""",4.06834e+07 au
1611,1611,23h 42m 02.59s,"+01deg 46' 44.3""",6.37013e+06 au
1612,1612,23h 42m 43.51s,"-14deg 32' 43.3""",9.74786e+06 au
1613,1613,23h 43m 59.62s,"+29deg 21' 40.2""",1.48285e+07 au
1614,1614,23h 46m 02.07s,"+46deg 25' 12.8""",8.28373e+07 au
1615,1615,23h 46m 23.46s,"+03deg 29' 11.9""",4.80804e+07 au
1616,1616,23h 47m 03.65s,"+58deg 39' 08.6""",1.0925e+07 au
1617,1617,23h 48m 55.73s,"-28deg 07' 51.5""",9.07456e+06 au
1618,1618,23h 54m 23.02s,"+57deg 29' 57.7""",7.3666e+08 au
1619,1619,23h 57m 35.38s,"-64deg 17' 55.1""",1.0047e+07 au
1620,1620,23h 57m 45.46s,"+25deg 08' 28.2""",2.73561e+07 au
1621,1621,23h 58m 40.28s,"-03deg 33' 23.3""",1.41471e+07 au
1622,1622,23h 59m 00.57s,"+55deg 45' 17.6""",9.63854e+07 au
1623,1623,23h 59m 18.94s,"+06deg 51' 45.2""",6.70126e+06 au
1624,1624,23h 59m 55.17s,"-65deg 34' 38.2""",2.36814e+07 au
